repository,repository_description,task,variant,family,description,repeat_index,seed,exit_code,elapsed_s,accepted_count,rejected_count,accepted_rate,regression_gate_failures,rollback_correct,persistence_file_exists,improvement_depth,cost_proxy_seconds,changed_files_count,summary_path,stdout_tail,stderr_tail,repository_split,transfer_origin,task_description,task_claim
unseen_schema_transfer_repo,Held-out compact fixture with an unseen tuple-valued record field that tests schema transfer beyond the original task distribution.,unseen_static_roles_query,verified_closed_loop,proposed,"Full loop: candidate generation, patching, rollback, persistence, root broad gate, and THDSE core gate.",0,7f03b5b3d253,0,1.453,3,0,1.0,0,,True,3,1.453,4,/tmp/rsi_experiments__07_fkbs/unseen_schema_transfer_repo__unseen_static_roles_query__verified_closed_loop__r0/.omega_rsi_runs/closed_rsi_summary.json," tuple-valued static_roles field without a matching query API on LocalCorpusIndex. Evidence: field:static_roles, method:records_with_static_role, strategy:tuple_membership, canonical_strategy_bonus."",
        ""target"": ""shared.local_corpus.LocalCorpusIndex""
      },
      ""name"": ""autonomous_local_corpus_static_roles_query_v1"",
      ""started_at"": ""2026-05-26T22:19:17Z"",
      ""target_path"": ""shared/local_corpus.py"",
      ""test_path"": ""tests/test_autonomous_local_corpus_static_roles_query_v1.py""
    },
    {
      ""accepted"": true,
      ""error"": """",
      ""extra_paths"": [],
      ""finished_at"": ""2026-05-26T22:19:18Z"",
      ""gates"": [
        {
          ""args"": [
            ""/opt/hostedtoolcache/Python/3.11.15/x64/bin/python"",
            ""-m"",
            ""py_compile"",
            ""shared/local_corpus.py"",
            ""tests/test_emergent_local_corpus_definitions_membership_v1.py""
          ],
          ""cwd"": ""/tmp/rsi_experiments__07_fkbs/unseen_schema_transfer_repo__unseen_static_roles_query__verified_closed_loop__r0"",
          ""elapsed_s"": 0.036,
          ""exit_code"": 0,
          ""label"": ""emergent_local_corpus_definitions_membership_v1_compile"",
          ""stderr_tail"": """",
          ""stdout_tail"": """",
          ""timed_out"": false
        },
        {
          ""args"": [
            ""/opt/hostedtoolcache/Python/3.11.15/x64/bin/python"",
            ""-m"",
            ""pytest"",
            ""-q"",
            ""--import-mode=importlib"",
            ""--maxfail=5"",
            ""--disable-warnings"",
            ""tests/test_emergent_local_corpus_definitions_membership_v1.py""
          ],
          ""cwd"": ""/tmp/rsi_experiments__07_fkbs/unseen_schema_transfer_repo__unseen_static_roles_query__verified_closed_loop__r0"",
          ""elapsed_s"": 0.2,
          ""exit_code"": 0,
          ""label"": ""emergent_local_corpus_definitions_membership_v1_focused"",
          ""stderr_tail"": """",
          ""stdout_tail"": "".                                                                        [100%]\n1 passed in 0.01s\n"",
          ""timed_out"": false
        },
        {
          ""args"": [
            ""/opt/hostedtoolcache/Python/3.11.15/x64/bin/python"",
            ""-m"",
            ""pytest"",
            ""-q"",
            ""--import-mode=importlib"",
            ""--maxfail=20"",
            ""--disable-warnings"",
            ""tests""
          ],
          ""cwd"": ""/tmp/rsi_experiments__07_fkbs/unseen_schema_transfer_repo__unseen_static_roles_query__verified_closed_loop__r0"",
          ""elapsed_s"": 0.21,
          ""exit_code"": 0,
          ""label"": ""emergent_local_corpus_definitions_membership_v1_root_broad"",
          ""stderr_tail"": """",
          ""stdout_tail"": "".....                                                                    [100%]\n5 passed in 0.02s\n"",
          ""timed_out"": false
        }
      ],
      ""generation"": 3,
      ""goal"": {
        ""metric"": ""planner score 9.999 plus generated regression test"",
        ""name"": ""emergently_query_local_corpus_definitions"",
        ""rationale"": ""The bounded emergent planner generated an alternate membership query hypothesis for definitions. Evidence: field:definitions, method:records_matching_definitions, strategy:alternate_tuple_membership."",
        ""target"": ""shared.local_corpus.LocalCorpusIndex""
      },
      ""name"": ""emergent_local_corpus_definitions_membership_v1"",
      ""started_at"": ""2026-05-26T22:19:17Z"",
      ""target_path"": ""shared/local_corpus.py"",
      ""test_path"": ""tests/test_emergent_local_corpus_definitions_membership_v1.py""
    }
  ],
  ""active_base"": ""emergent_local_corpus_definitions_membership_v1"",
  ""active_generation"": 3,
  ""broad_gate"": true,
  ""dry_run"": false,
  ""persistence"": true,
  ""rejected_this_run"": [],
  ""rollback"": true,
  ""state_path"": ""/tmp/rsi_experiments__07_fkbs/unseen_schema_transfer_repo__unseen_static_roles_query__verified_closed_loop__r0/.omega_rsi_runs/closed_rsi_state.json"",
  ""thdse_core_gate"": true,
  ""total_accepted"": 3,
  ""total_rejected"": 0
}
",,unseen,compact_kernel_repo,Measure whether schema-driven generation transfers to a held-out tuple-valued LocalPythonFileRecord field.,Unseen transfer succeeds when the loop patches a query API for a field absent from the original benchmark repositories.
unseen_schema_transfer_repo,Held-out compact fixture with an unseen tuple-valued record field that tests schema transfer beyond the original task distribution.,unseen_static_roles_query,agent_coding_loop,baseline_agent_coding_loop,Baseline: single-pass automated coding loop with validation but without persistent recursive depth.,0,b888d83f6717,0,0.512,1,0,1.0,0,,False,1,0.512,2,/tmp/rsi_experiments__07_fkbs/unseen_schema_transfer_repo__unseen_static_roles_query__agent_coding_loop__r0/.omega_rsi_runs/closed_rsi_summary.json,"{
  ""accepted_this_run"": [
    {
      ""accepted"": true,
      ""error"": """",
      ""extra_paths"": [],
      ""finished_at"": ""2026-05-26T22:19:18Z"",
      ""gates"": [
        {
          ""args"": [
            ""/opt/hostedtoolcache/Python/3.11.15/x64/bin/python"",
            ""-m"",
            ""py_compile"",
            ""shared/local_corpus.py"",
            ""tests/test_autonomous_local_corpus_definitions_query_v1.py""
          ],
          ""cwd"": ""/tmp/rsi_experiments__07_fkbs/unseen_schema_transfer_repo__unseen_static_roles_query__agent_coding_loop__r0"",
          ""elapsed_s"": 0.035,
          ""exit_code"": 0,
          ""label"": ""autonomous_local_corpus_definitions_query_v1_compile"",
          ""stderr_tail"": """",
          ""stdout_tail"": """",
          ""timed_out"": false
        },
        {
          ""args"": [
            ""/opt/hostedtoolcache/Python/3.11.15/x64/bin/python"",
            ""-m"",
            ""pytest"",
            ""-q"",
            ""--import-mode=importlib"",
            ""--maxfail=5"",
            ""--disable-warnings"",
            ""tests/test_autonomous_local_corpus_definitions_query_v1.py""
          ],
          ""cwd"": ""/tmp/rsi_experiments__07_fkbs/unseen_schema_transfer_repo__unseen_static_roles_query__agent_coding_loop__r0"",
          ""elapsed_s"": 0.197,
          ""exit_code"": 0,
          ""label"": ""autonomous_local_corpus_definitions_query_v1_focused"",
          ""stderr_tail"": """",
          ""stdout_tail"": "".                                                                        [100%]\n1 passed in 0.01s\n"",
          ""timed_out"": false
        },
        {
          ""args"": [
            ""/opt/hostedtoolcache/Python/3.11.15/x64/bin/python"",
            ""-m"",
            ""pytest"",
            ""-q"",
            ""--import-mode=importlib"",
            ""--maxfail=20"",
            ""--disable-warnings"",
            ""tests""
          ],
          ""cwd"": ""/tmp/rsi_experiments__07_fkbs/unseen_schema_transfer_repo__unseen_static_roles_query__agent_coding_loop__r0"",
          ""elapsed_s"": 0.214,
          ""exit_code"": 0,
          ""label"": ""autonomous_local_corpus_definitions_query_v1_root_broad"",
          ""stderr_tail"": """",
          ""stdout_tail"": ""...                                                                      [100%]\n3 passed in 0.03s\n"",
          ""timed_out"": false
        }
      ],
      ""generation"": 1,
      ""goal"": {
        ""metric"": ""planner score 11.999 plus generated regression test"",
        ""name"": ""autonomously_query_local_corpus_definitions"",
        ""rationale"": ""The planner found a tuple-valued definitions field without a matching query API on LocalCorpusIndex. Evidence: field:definitions, method:records_with_definition, strategy:tuple_membership, canonical_strategy_bonus."",
        ""target"": ""shared.local_corpus.LocalCorpusIndex""
      },
      ""name"": ""autonomous_local_corpus_definitions_query_v1"",
      ""started_at"": ""2026-05-26T22:19:18Z"",
      ""target_path"": ""shared/local_corpus.py"",
      ""test_path"": ""tests/test_autonomous_local_corpus_definitions_query_v1.py""
    }
  ],
  ""active_base"": ""autonomous_local_corpus_definitions_query_v1"",
  ""active_generation"": 1,
  ""broad_gate"": true,
  ""dry_run"": false,
  ""persistence"": false,
  ""rejected_this_run"": [],
  ""rollback"": true,
  ""state_path"": ""/tmp/rsi_experiments__07_fkbs/unseen_schema_transfer_repo__unseen_static_roles_query__agent_coding_loop__r0/.omega_rsi_runs/closed_rsi_state.json"",
  ""thdse_core_gate"": true,
  ""total_accepted"": 1,
  ""total_rejected"": 0
}
",,unseen,compact_kernel_repo,Measure whether schema-driven generation transfers to a held-out tuple-valued LocalPythonFileRecord field.,Unseen transfer succeeds when the loop patches a query API for a field absent from the original benchmark repositories.
unseen_schema_transfer_repo,Held-out compact fixture with an unseen tuple-valued record field that tests schema transfer beyond the original task distribution.,unseen_static_roles_query,ci_only_validation,baseline_ci_only,Baseline: run validation without candidate generation or code patching.,0,8704527e6a2e,0,0.223,0,0,0.0,0,,False,0,0.223,0,/tmp/rsi_experiments__07_fkbs/unseen_schema_transfer_repo__unseen_static_roles_query__ci_only_validation__r0/.omega_rsi_runs/closed_rsi_summary.json,"..                                                                       [100%]
2 passed in 0.03s
",,unseen,compact_kernel_repo,Measure whether schema-driven generation transfers to a held-out tuple-valued LocalPythonFileRecord field.,Unseen transfer succeeds when the loop patches a query API for a field absent from the original benchmark repositories.
unseen_schema_transfer_repo,Held-out compact fixture with an unseen tuple-valued record field that tests schema transfer beyond the original task distribution.,unseen_static_roles_query,verified_closed_loop,proposed,"Full loop: candidate generation, patching, rollback, persistence, root broad gate, and THDSE core gate.",1,0998d073f6ed,0,1.417,3,0,1.0,0,,True,3,1.417,4,/tmp/rsi_experiments__07_fkbs/unseen_schema_transfer_repo__unseen_static_roles_query__verified_closed_loop__r1/.omega_rsi_runs/closed_rsi_summary.json,"ple-valued static_roles field without a matching query API on LocalCorpusIndex. Evidence: field:static_roles, method:records_with_static_role, strategy:tuple_membership, canonical_strategy_bonus."",
        ""target"": ""shared.local_corpus.LocalCorpusIndex""
      },
      ""name"": ""autonomous_local_corpus_static_roles_query_v1"",
      ""started_at"": ""2026-05-26T22:19:19Z"",
      ""target_path"": ""shared/local_corpus.py"",
      ""test_path"": ""tests/test_autonomous_local_corpus_static_roles_query_v1.py""
    },
    {
      ""accepted"": true,
      ""error"": """",
      ""extra_paths"": [],
      ""finished_at"": ""2026-05-26T22:19:20Z"",
      ""gates"": [
        {
          ""args"": [
            ""/opt/hostedtoolcache/Python/3.11.15/x64/bin/python"",
            ""-m"",
            ""py_compile"",
            ""shared/local_corpus.py"",
            ""tests/test_emergent_local_corpus_definitions_membership_v1.py""
          ],
          ""cwd"": ""/tmp/rsi_experiments__07_fkbs/unseen_schema_transfer_repo__unseen_static_roles_query__verified_closed_loop__r1"",
          ""elapsed_s"": 0.036,
          ""exit_code"": 0,
          ""label"": ""emergent_local_corpus_definitions_membership_v1_compile"",
          ""stderr_tail"": """",
          ""stdout_tail"": """",
          ""timed_out"": false
        },
        {
          ""args"": [
            ""/opt/hostedtoolcache/Python/3.11.15/x64/bin/python"",
            ""-m"",
            ""pytest"",
            ""-q"",
            ""--import-mode=importlib"",
            ""--maxfail=5"",
            ""--disable-warnings"",
            ""tests/test_emergent_local_corpus_definitions_membership_v1.py""
          ],
          ""cwd"": ""/tmp/rsi_experiments__07_fkbs/unseen_schema_transfer_repo__unseen_static_roles_query__verified_closed_loop__r1"",
          ""elapsed_s"": 0.198,
          ""exit_code"": 0,
          ""label"": ""emergent_local_corpus_definitions_membership_v1_focused"",
          ""stderr_tail"": """",
          ""stdout_tail"": "".                                                                        [100%]\n1 passed in 0.01s\n"",
          ""timed_out"": false
        },
        {
          ""args"": [
            ""/opt/hostedtoolcache/Python/3.11.15/x64/bin/python"",
            ""-m"",
            ""pytest"",
            ""-q"",
            ""--import-mode=importlib"",
            ""--maxfail=20"",
            ""--disable-warnings"",
            ""tests""
          ],
          ""cwd"": ""/tmp/rsi_experiments__07_fkbs/unseen_schema_transfer_repo__unseen_static_roles_query__verified_closed_loop__r1"",
          ""elapsed_s"": 0.208,
          ""exit_code"": 0,
          ""label"": ""emergent_local_corpus_definitions_membership_v1_root_broad"",
          ""stderr_tail"": """",
          ""stdout_tail"": "".....                                                                    [100%]\n5 passed in 0.02s\n"",
          ""timed_out"": false
        }
      ],
      ""generation"": 3,
      ""goal"": {
        ""metric"": ""planner score 9.999 plus generated regression test"",
        ""name"": ""emergently_query_local_corpus_definitions"",
        ""rationale"": ""The bounded emergent planner generated an alternate membership query hypothesis for definitions. Evidence: field:definitions, method:records_matching_definitions, strategy:alternate_tuple_membership."",
        ""target"": ""shared.local_corpus.LocalCorpusIndex""
      },
      ""name"": ""emergent_local_corpus_definitions_membership_v1"",
      ""started_at"": ""2026-05-26T22:19:19Z"",
      ""target_path"": ""shared/local_corpus.py"",
      ""test_path"": ""tests/test_emergent_local_corpus_definitions_membership_v1.py""
    }
  ],
  ""active_base"": ""emergent_local_corpus_definitions_membership_v1"",
  ""active_generation"": 3,
  ""broad_gate"": true,
  ""dry_run"": false,
  ""persistence"": true,
  ""rejected_this_run"": [],
  ""rollback"": true,
  ""state_path"": ""/tmp/rsi_experiments__07_fkbs/unseen_schema_transfer_repo__unseen_static_roles_query__verified_closed_loop__r1/.omega_rsi_runs/closed_rsi_state.json"",
  ""thdse_core_gate"": true,
  ""total_accepted"": 3,
  ""total_rejected"": 0
}
",,unseen,compact_kernel_repo,Measure whether schema-driven generation transfers to a held-out tuple-valued LocalPythonFileRecord field.,Unseen transfer succeeds when the loop patches a query API for a field absent from the original benchmark repositories.
unseen_schema_transfer_repo,Held-out compact fixture with an unseen tuple-valued record field that tests schema transfer beyond the original task distribution.,unseen_static_roles_query,agent_coding_loop,baseline_agent_coding_loop,Baseline: single-pass automated coding loop with validation but without persistent recursive depth.,1,d32b4be26a2b,0,0.528,1,0,1.0,0,,False,1,0.528,2,/tmp/rsi_experiments__07_fkbs/unseen_schema_transfer_repo__unseen_static_roles_query__agent_coding_loop__r1/.omega_rsi_runs/closed_rsi_summary.json,"{
  ""accepted_this_run"": [
    {
      ""accepted"": true,
      ""error"": """",
      ""extra_paths"": [],
      ""finished_at"": ""2026-05-26T22:19:20Z"",
      ""gates"": [
        {
          ""args"": [
            ""/opt/hostedtoolcache/Python/3.11.15/x64/bin/python"",
            ""-m"",
            ""py_compile"",
            ""shared/local_corpus.py"",
            ""tests/test_autonomous_local_corpus_definitions_query_v1.py""
          ],
          ""cwd"": ""/tmp/rsi_experiments__07_fkbs/unseen_schema_transfer_repo__unseen_static_roles_query__agent_coding_loop__r1"",
          ""elapsed_s"": 0.035,
          ""exit_code"": 0,
          ""label"": ""autonomous_local_corpus_definitions_query_v1_compile"",
          ""stderr_tail"": """",
          ""stdout_tail"": """",
          ""timed_out"": false
        },
        {
          ""args"": [
            ""/opt/hostedtoolcache/Python/3.11.15/x64/bin/python"",
            ""-m"",
            ""pytest"",
            ""-q"",
            ""--import-mode=importlib"",
            ""--maxfail=5"",
            ""--disable-warnings"",
            ""tests/test_autonomous_local_corpus_definitions_query_v1.py""
          ],
          ""cwd"": ""/tmp/rsi_experiments__07_fkbs/unseen_schema_transfer_repo__unseen_static_roles_query__agent_coding_loop__r1"",
          ""elapsed_s"": 0.206,
          ""exit_code"": 0,
          ""label"": ""autonomous_local_corpus_definitions_query_v1_focused"",
          ""stderr_tail"": """",
          ""stdout_tail"": "".                                                                        [100%]\n1 passed in 0.01s\n"",
          ""timed_out"": false
        },
        {
          ""args"": [
            ""/opt/hostedtoolcache/Python/3.11.15/x64/bin/python"",
            ""-m"",
            ""pytest"",
            ""-q"",
            ""--import-mode=importlib"",
            ""--maxfail=20"",
            ""--disable-warnings"",
            ""tests""
          ],
          ""cwd"": ""/tmp/rsi_experiments__07_fkbs/unseen_schema_transfer_repo__unseen_static_roles_query__agent_coding_loop__r1"",
          ""elapsed_s"": 0.222,
          ""exit_code"": 0,
          ""label"": ""autonomous_local_corpus_definitions_query_v1_root_broad"",
          ""stderr_tail"": """",
          ""stdout_tail"": ""...                                                                      [100%]\n3 passed in 0.03s\n"",
          ""timed_out"": false
        }
      ],
      ""generation"": 1,
      ""goal"": {
        ""metric"": ""planner score 11.999 plus generated regression test"",
        ""name"": ""autonomously_query_local_corpus_definitions"",
        ""rationale"": ""The planner found a tuple-valued definitions field without a matching query API on LocalCorpusIndex. Evidence: field:definitions, method:records_with_definition, strategy:tuple_membership, canonical_strategy_bonus."",
        ""target"": ""shared.local_corpus.LocalCorpusIndex""
      },
      ""name"": ""autonomous_local_corpus_definitions_query_v1"",
      ""started_at"": ""2026-05-26T22:19:20Z"",
      ""target_path"": ""shared/local_corpus.py"",
      ""test_path"": ""tests/test_autonomous_local_corpus_definitions_query_v1.py""
    }
  ],
  ""active_base"": ""autonomous_local_corpus_definitions_query_v1"",
  ""active_generation"": 1,
  ""broad_gate"": true,
  ""dry_run"": false,
  ""persistence"": false,
  ""rejected_this_run"": [],
  ""rollback"": true,
  ""state_path"": ""/tmp/rsi_experiments__07_fkbs/unseen_schema_transfer_repo__unseen_static_roles_query__agent_coding_loop__r1/.omega_rsi_runs/closed_rsi_state.json"",
  ""thdse_core_gate"": true,
  ""total_accepted"": 1,
  ""total_rejected"": 0
}
",,unseen,compact_kernel_repo,Measure whether schema-driven generation transfers to a held-out tuple-valued LocalPythonFileRecord field.,Unseen transfer succeeds when the loop patches a query API for a field absent from the original benchmark repositories.
unseen_schema_transfer_repo,Held-out compact fixture with an unseen tuple-valued record field that tests schema transfer beyond the original task distribution.,unseen_static_roles_query,ci_only_validation,baseline_ci_only,Baseline: run validation without candidate generation or code patching.,1,ede292c89be7,0,0.227,0,0,0.0,0,,False,0,0.227,0,/tmp/rsi_experiments__07_fkbs/unseen_schema_transfer_repo__unseen_static_roles_query__ci_only_validation__r1/.omega_rsi_runs/closed_rsi_summary.json,"..                                                                       [100%]
2 passed in 0.03s
",,unseen,compact_kernel_repo,Measure whether schema-driven generation transfers to a held-out tuple-valued LocalPythonFileRecord field.,Unseen transfer succeeds when the loop patches a query API for a field absent from the original benchmark repositories.
unseen_security_transfer_repo,Held-out security-oriented fixture with a threat-label schema absent from the seen benchmark repositories.,unseen_threat_labels_query,verified_closed_loop,proposed,"Full loop: candidate generation, patching, rollback, persistence, root broad gate, and THDSE core gate.",0,67676fa0cf12,0,1.432,3,0,1.0,0,,True,3,1.432,4,/tmp/rsi_experiments__07_fkbs/unseen_security_transfer_repo__unseen_threat_labels_query__verified_closed_loop__r0/.omega_rsi_runs/closed_rsi_summary.json,"_labels field without a matching query API on LocalCorpusIndex. Evidence: field:threat_labels, method:records_with_threat_label, strategy:tuple_membership, canonical_strategy_bonus."",
        ""target"": ""shared.local_corpus.LocalCorpusIndex""
      },
      ""name"": ""autonomous_local_corpus_threat_labels_query_v1"",
      ""started_at"": ""2026-05-26T22:19:21Z"",
      ""target_path"": ""shared/local_corpus.py"",
      ""test_path"": ""tests/test_autonomous_local_corpus_threat_labels_query_v1.py""
    },
    {
      ""accepted"": true,
      ""error"": """",
      ""extra_paths"": [],
      ""finished_at"": ""2026-05-26T22:19:22Z"",
      ""gates"": [
        {
          ""args"": [
            ""/opt/hostedtoolcache/Python/3.11.15/x64/bin/python"",
            ""-m"",
            ""py_compile"",
            ""shared/local_corpus.py"",
            ""tests/test_emergent_local_corpus_definitions_membership_v1.py""
          ],
          ""cwd"": ""/tmp/rsi_experiments__07_fkbs/unseen_security_transfer_repo__unseen_threat_labels_query__verified_closed_loop__r0"",
          ""elapsed_s"": 0.035,
          ""exit_code"": 0,
          ""label"": ""emergent_local_corpus_definitions_membership_v1_compile"",
          ""stderr_tail"": """",
          ""stdout_tail"": """",
          ""timed_out"": false
        },
        {
          ""args"": [
            ""/opt/hostedtoolcache/Python/3.11.15/x64/bin/python"",
            ""-m"",
            ""pytest"",
            ""-q"",
            ""--import-mode=importlib"",
            ""--maxfail=5"",
            ""--disable-warnings"",
            ""tests/test_emergent_local_corpus_definitions_membership_v1.py""
          ],
          ""cwd"": ""/tmp/rsi_experiments__07_fkbs/unseen_security_transfer_repo__unseen_threat_labels_query__verified_closed_loop__r0"",
          ""elapsed_s"": 0.202,
          ""exit_code"": 0,
          ""label"": ""emergent_local_corpus_definitions_membership_v1_focused"",
          ""stderr_tail"": """",
          ""stdout_tail"": "".                                                                        [100%]\n1 passed in 0.01s\n"",
          ""timed_out"": false
        },
        {
          ""args"": [
            ""/opt/hostedtoolcache/Python/3.11.15/x64/bin/python"",
            ""-m"",
            ""pytest"",
            ""-q"",
            ""--import-mode=importlib"",
            ""--maxfail=20"",
            ""--disable-warnings"",
            ""tests""
          ],
          ""cwd"": ""/tmp/rsi_experiments__07_fkbs/unseen_security_transfer_repo__unseen_threat_labels_query__verified_closed_loop__r0"",
          ""elapsed_s"": 0.218,
          ""exit_code"": 0,
          ""label"": ""emergent_local_corpus_definitions_membership_v1_root_broad"",
          ""stderr_tail"": """",
          ""stdout_tail"": "".....                                                                    [100%]\n5 passed in 0.02s\n"",
          ""timed_out"": false
        }
      ],
      ""generation"": 3,
      ""goal"": {
        ""metric"": ""planner score 9.999 plus generated regression test"",
        ""name"": ""emergently_query_local_corpus_definitions"",
        ""rationale"": ""The bounded emergent planner generated an alternate membership query hypothesis for definitions. Evidence: field:definitions, method:records_matching_definitions, strategy:alternate_tuple_membership."",
        ""target"": ""shared.local_corpus.LocalCorpusIndex""
      },
      ""name"": ""emergent_local_corpus_definitions_membership_v1"",
      ""started_at"": ""2026-05-26T22:19:22Z"",
      ""target_path"": ""shared/local_corpus.py"",
      ""test_path"": ""tests/test_emergent_local_corpus_definitions_membership_v1.py""
    }
  ],
  ""active_base"": ""emergent_local_corpus_definitions_membership_v1"",
  ""active_generation"": 3,
  ""broad_gate"": true,
  ""dry_run"": false,
  ""persistence"": true,
  ""rejected_this_run"": [],
  ""rollback"": true,
  ""state_path"": ""/tmp/rsi_experiments__07_fkbs/unseen_security_transfer_repo__unseen_threat_labels_query__verified_closed_loop__r0/.omega_rsi_runs/closed_rsi_state.json"",
  ""thdse_core_gate"": true,
  ""total_accepted"": 3,
  ""total_rejected"": 0
}
",,unseen,compact_kernel_repo,Measure schema transfer on a held-out security-oriented tuple-valued record field.,Security-domain unseen transfer succeeds when the loop patches a query API for threat labels absent from the seen fixtures.
unseen_security_transfer_repo,Held-out security-oriented fixture with a threat-label schema absent from the seen benchmark repositories.,unseen_threat_labels_query,agent_coding_loop,baseline_agent_coding_loop,Baseline: single-pass automated coding loop with validation but without persistent recursive depth.,0,8313385c7cfe,0,0.521,1,0,1.0,0,,False,1,0.521,2,/tmp/rsi_experiments__07_fkbs/unseen_security_transfer_repo__unseen_threat_labels_query__agent_coding_loop__r0/.omega_rsi_runs/closed_rsi_summary.json,"{
  ""accepted_this_run"": [
    {
      ""accepted"": true,
      ""error"": """",
      ""extra_paths"": [],
      ""finished_at"": ""2026-05-26T22:19:23Z"",
      ""gates"": [
        {
          ""args"": [
            ""/opt/hostedtoolcache/Python/3.11.15/x64/bin/python"",
            ""-m"",
            ""py_compile"",
            ""shared/local_corpus.py"",
            ""tests/test_autonomous_local_corpus_definitions_query_v1.py""
          ],
          ""cwd"": ""/tmp/rsi_experiments__07_fkbs/unseen_security_transfer_repo__unseen_threat_labels_query__agent_coding_loop__r0"",
          ""elapsed_s"": 0.035,
          ""exit_code"": 0,
          ""label"": ""autonomous_local_corpus_definitions_query_v1_compile"",
          ""stderr_tail"": """",
          ""stdout_tail"": """",
          ""timed_out"": false
        },
        {
          ""args"": [
            ""/opt/hostedtoolcache/Python/3.11.15/x64/bin/python"",
            ""-m"",
            ""pytest"",
            ""-q"",
            ""--import-mode=importlib"",
            ""--maxfail=5"",
            ""--disable-warnings"",
            ""tests/test_autonomous_local_corpus_definitions_query_v1.py""
          ],
          ""cwd"": ""/tmp/rsi_experiments__07_fkbs/unseen_security_transfer_repo__unseen_threat_labels_query__agent_coding_loop__r0"",
          ""elapsed_s"": 0.198,
          ""exit_code"": 0,
          ""label"": ""autonomous_local_corpus_definitions_query_v1_focused"",
          ""stderr_tail"": """",
          ""stdout_tail"": "".                                                                        [100%]\n1 passed in 0.01s\n"",
          ""timed_out"": false
        },
        {
          ""args"": [
            ""/opt/hostedtoolcache/Python/3.11.15/x64/bin/python"",
            ""-m"",
            ""pytest"",
            ""-q"",
            ""--import-mode=importlib"",
            ""--maxfail=20"",
            ""--disable-warnings"",
            ""tests""
          ],
          ""cwd"": ""/tmp/rsi_experiments__07_fkbs/unseen_security_transfer_repo__unseen_threat_labels_query__agent_coding_loop__r0"",
          ""elapsed_s"": 0.222,
          ""exit_code"": 0,
          ""label"": ""autonomous_local_corpus_definitions_query_v1_root_broad"",
          ""stderr_tail"": """",
          ""stdout_tail"": ""...                                                                      [100%]\n3 passed in 0.03s\n"",
          ""timed_out"": false
        }
      ],
      ""generation"": 1,
      ""goal"": {
        ""metric"": ""planner score 11.999 plus generated regression test"",
        ""name"": ""autonomously_query_local_corpus_definitions"",
        ""rationale"": ""The planner found a tuple-valued definitions field without a matching query API on LocalCorpusIndex. Evidence: field:definitions, method:records_with_definition, strategy:tuple_membership, canonical_strategy_bonus."",
        ""target"": ""shared.local_corpus.LocalCorpusIndex""
      },
      ""name"": ""autonomous_local_corpus_definitions_query_v1"",
      ""started_at"": ""2026-05-26T22:19:22Z"",
      ""target_path"": ""shared/local_corpus.py"",
      ""test_path"": ""tests/test_autonomous_local_corpus_definitions_query_v1.py""
    }
  ],
  ""active_base"": ""autonomous_local_corpus_definitions_query_v1"",
  ""active_generation"": 1,
  ""broad_gate"": true,
  ""dry_run"": false,
  ""persistence"": false,
  ""rejected_this_run"": [],
  ""rollback"": true,
  ""state_path"": ""/tmp/rsi_experiments__07_fkbs/unseen_security_transfer_repo__unseen_threat_labels_query__agent_coding_loop__r0/.omega_rsi_runs/closed_rsi_state.json"",
  ""thdse_core_gate"": true,
  ""total_accepted"": 1,
  ""total_rejected"": 0
}
",,unseen,compact_kernel_repo,Measure schema transfer on a held-out security-oriented tuple-valued record field.,Security-domain unseen transfer succeeds when the loop patches a query API for threat labels absent from the seen fixtures.
unseen_security_transfer_repo,Held-out security-oriented fixture with a threat-label schema absent from the seen benchmark repositories.,unseen_threat_labels_query,ci_only_validation,baseline_ci_only,Baseline: run validation without candidate generation or code patching.,0,fea5509fa294,0,0.224,0,0,0.0,0,,False,0,0.224,0,/tmp/rsi_experiments__07_fkbs/unseen_security_transfer_repo__unseen_threat_labels_query__ci_only_validation__r0/.omega_rsi_runs/closed_rsi_summary.json,"..                                                                       [100%]
2 passed in 0.03s
",,unseen,compact_kernel_repo,Measure schema transfer on a held-out security-oriented tuple-valued record field.,Security-domain unseen transfer succeeds when the loop patches a query API for threat labels absent from the seen fixtures.
unseen_security_transfer_repo,Held-out security-oriented fixture with a threat-label schema absent from the seen benchmark repositories.,unseen_threat_labels_query,verified_closed_loop,proposed,"Full loop: candidate generation, patching, rollback, persistence, root broad gate, and THDSE core gate.",1,0d3248fa89ae,0,1.428,3,0,1.0,0,,True,3,1.428,4,/tmp/rsi_experiments__07_fkbs/unseen_security_transfer_repo__unseen_threat_labels_query__verified_closed_loop__r1/.omega_rsi_runs/closed_rsi_summary.json,"at_labels field without a matching query API on LocalCorpusIndex. Evidence: field:threat_labels, method:records_with_threat_label, strategy:tuple_membership, canonical_strategy_bonus."",
        ""target"": ""shared.local_corpus.LocalCorpusIndex""
      },
      ""name"": ""autonomous_local_corpus_threat_labels_query_v1"",
      ""started_at"": ""2026-05-26T22:19:23Z"",
      ""target_path"": ""shared/local_corpus.py"",
      ""test_path"": ""tests/test_autonomous_local_corpus_threat_labels_query_v1.py""
    },
    {
      ""accepted"": true,
      ""error"": """",
      ""extra_paths"": [],
      ""finished_at"": ""2026-05-26T22:19:24Z"",
      ""gates"": [
        {
          ""args"": [
            ""/opt/hostedtoolcache/Python/3.11.15/x64/bin/python"",
            ""-m"",
            ""py_compile"",
            ""shared/local_corpus.py"",
            ""tests/test_emergent_local_corpus_definitions_membership_v1.py""
          ],
          ""cwd"": ""/tmp/rsi_experiments__07_fkbs/unseen_security_transfer_repo__unseen_threat_labels_query__verified_closed_loop__r1"",
          ""elapsed_s"": 0.035,
          ""exit_code"": 0,
          ""label"": ""emergent_local_corpus_definitions_membership_v1_compile"",
          ""stderr_tail"": """",
          ""stdout_tail"": """",
          ""timed_out"": false
        },
        {
          ""args"": [
            ""/opt/hostedtoolcache/Python/3.11.15/x64/bin/python"",
            ""-m"",
            ""pytest"",
            ""-q"",
            ""--import-mode=importlib"",
            ""--maxfail=5"",
            ""--disable-warnings"",
            ""tests/test_emergent_local_corpus_definitions_membership_v1.py""
          ],
          ""cwd"": ""/tmp/rsi_experiments__07_fkbs/unseen_security_transfer_repo__unseen_threat_labels_query__verified_closed_loop__r1"",
          ""elapsed_s"": 0.2,
          ""exit_code"": 0,
          ""label"": ""emergent_local_corpus_definitions_membership_v1_focused"",
          ""stderr_tail"": """",
          ""stdout_tail"": "".                                                                        [100%]\n1 passed in 0.01s\n"",
          ""timed_out"": false
        },
        {
          ""args"": [
            ""/opt/hostedtoolcache/Python/3.11.15/x64/bin/python"",
            ""-m"",
            ""pytest"",
            ""-q"",
            ""--import-mode=importlib"",
            ""--maxfail=20"",
            ""--disable-warnings"",
            ""tests""
          ],
          ""cwd"": ""/tmp/rsi_experiments__07_fkbs/unseen_security_transfer_repo__unseen_threat_labels_query__verified_closed_loop__r1"",
          ""elapsed_s"": 0.209,
          ""exit_code"": 0,
          ""label"": ""emergent_local_corpus_definitions_membership_v1_root_broad"",
          ""stderr_tail"": """",
          ""stdout_tail"": "".....                                                                    [100%]\n5 passed in 0.02s\n"",
          ""timed_out"": false
        }
      ],
      ""generation"": 3,
      ""goal"": {
        ""metric"": ""planner score 9.999 plus generated regression test"",
        ""name"": ""emergently_query_local_corpus_definitions"",
        ""rationale"": ""The bounded emergent planner generated an alternate membership query hypothesis for definitions. Evidence: field:definitions, method:records_matching_definitions, strategy:alternate_tuple_membership."",
        ""target"": ""shared.local_corpus.LocalCorpusIndex""
      },
      ""name"": ""emergent_local_corpus_definitions_membership_v1"",
      ""started_at"": ""2026-05-26T22:19:24Z"",
      ""target_path"": ""shared/local_corpus.py"",
      ""test_path"": ""tests/test_emergent_local_corpus_definitions_membership_v1.py""
    }
  ],
  ""active_base"": ""emergent_local_corpus_definitions_membership_v1"",
  ""active_generation"": 3,
  ""broad_gate"": true,
  ""dry_run"": false,
  ""persistence"": true,
  ""rejected_this_run"": [],
  ""rollback"": true,
  ""state_path"": ""/tmp/rsi_experiments__07_fkbs/unseen_security_transfer_repo__unseen_threat_labels_query__verified_closed_loop__r1/.omega_rsi_runs/closed_rsi_state.json"",
  ""thdse_core_gate"": true,
  ""total_accepted"": 3,
  ""total_rejected"": 0
}
",,unseen,compact_kernel_repo,Measure schema transfer on a held-out security-oriented tuple-valued record field.,Security-domain unseen transfer succeeds when the loop patches a query API for threat labels absent from the seen fixtures.
unseen_security_transfer_repo,Held-out security-oriented fixture with a threat-label schema absent from the seen benchmark repositories.,unseen_threat_labels_query,agent_coding_loop,baseline_agent_coding_loop,Baseline: single-pass automated coding loop with validation but without persistent recursive depth.,1,5618c363a103,0,0.522,1,0,1.0,0,,False,1,0.522,2,/tmp/rsi_experiments__07_fkbs/unseen_security_transfer_repo__unseen_threat_labels_query__agent_coding_loop__r1/.omega_rsi_runs/closed_rsi_summary.json,"{
  ""accepted_this_run"": [
    {
      ""accepted"": true,
      ""error"": """",
      ""extra_paths"": [],
      ""finished_at"": ""2026-05-26T22:19:25Z"",
      ""gates"": [
        {
          ""args"": [
            ""/opt/hostedtoolcache/Python/3.11.15/x64/bin/python"",
            ""-m"",
            ""py_compile"",
            ""shared/local_corpus.py"",
            ""tests/test_autonomous_local_corpus_definitions_query_v1.py""
          ],
          ""cwd"": ""/tmp/rsi_experiments__07_fkbs/unseen_security_transfer_repo__unseen_threat_labels_query__agent_coding_loop__r1"",
          ""elapsed_s"": 0.035,
          ""exit_code"": 0,
          ""label"": ""autonomous_local_corpus_definitions_query_v1_compile"",
          ""stderr_tail"": """",
          ""stdout_tail"": """",
          ""timed_out"": false
        },
        {
          ""args"": [
            ""/opt/hostedtoolcache/Python/3.11.15/x64/bin/python"",
            ""-m"",
            ""pytest"",
            ""-q"",
            ""--import-mode=importlib"",
            ""--maxfail=5"",
            ""--disable-warnings"",
            ""tests/test_autonomous_local_corpus_definitions_query_v1.py""
          ],
          ""cwd"": ""/tmp/rsi_experiments__07_fkbs/unseen_security_transfer_repo__unseen_threat_labels_query__agent_coding_loop__r1"",
          ""elapsed_s"": 0.2,
          ""exit_code"": 0,
          ""label"": ""autonomous_local_corpus_definitions_query_v1_focused"",
          ""stderr_tail"": """",
          ""stdout_tail"": "".                                                                        [100%]\n1 passed in 0.01s\n"",
          ""timed_out"": false
        },
        {
          ""args"": [
            ""/opt/hostedtoolcache/Python/3.11.15/x64/bin/python"",
            ""-m"",
            ""pytest"",
            ""-q"",
            ""--import-mode=importlib"",
            ""--maxfail=20"",
            ""--disable-warnings"",
            ""tests""
          ],
          ""cwd"": ""/tmp/rsi_experiments__07_fkbs/unseen_security_transfer_repo__unseen_threat_labels_query__agent_coding_loop__r1"",
          ""elapsed_s"": 0.221,
          ""exit_code"": 0,
          ""label"": ""autonomous_local_corpus_definitions_query_v1_root_broad"",
          ""stderr_tail"": """",
          ""stdout_tail"": ""...                                                                      [100%]\n3 passed in 0.03s\n"",
          ""timed_out"": false
        }
      ],
      ""generation"": 1,
      ""goal"": {
        ""metric"": ""planner score 11.999 plus generated regression test"",
        ""name"": ""autonomously_query_local_corpus_definitions"",
        ""rationale"": ""The planner found a tuple-valued definitions field without a matching query API on LocalCorpusIndex. Evidence: field:definitions, method:records_with_definition, strategy:tuple_membership, canonical_strategy_bonus."",
        ""target"": ""shared.local_corpus.LocalCorpusIndex""
      },
      ""name"": ""autonomous_local_corpus_definitions_query_v1"",
      ""started_at"": ""2026-05-26T22:19:24Z"",
      ""target_path"": ""shared/local_corpus.py"",
      ""test_path"": ""tests/test_autonomous_local_corpus_definitions_query_v1.py""
    }
  ],
  ""active_base"": ""autonomous_local_corpus_definitions_query_v1"",
  ""active_generation"": 1,
  ""broad_gate"": true,
  ""dry_run"": false,
  ""persistence"": false,
  ""rejected_this_run"": [],
  ""rollback"": true,
  ""state_path"": ""/tmp/rsi_experiments__07_fkbs/unseen_security_transfer_repo__unseen_threat_labels_query__agent_coding_loop__r1/.omega_rsi_runs/closed_rsi_state.json"",
  ""thdse_core_gate"": true,
  ""total_accepted"": 1,
  ""total_rejected"": 0
}
",,unseen,compact_kernel_repo,Measure schema transfer on a held-out security-oriented tuple-valued record field.,Security-domain unseen transfer succeeds when the loop patches a query API for threat labels absent from the seen fixtures.
unseen_security_transfer_repo,Held-out security-oriented fixture with a threat-label schema absent from the seen benchmark repositories.,unseen_threat_labels_query,ci_only_validation,baseline_ci_only,Baseline: run validation without candidate generation or code patching.,1,41195e5328c1,0,0.224,0,0,0.0,0,,False,0,0.224,0,/tmp/rsi_experiments__07_fkbs/unseen_security_transfer_repo__unseen_threat_labels_query__ci_only_validation__r1/.omega_rsi_runs/closed_rsi_summary.json,"..                                                                       [100%]
2 passed in 0.03s
",,unseen,compact_kernel_repo,Measure schema transfer on a held-out security-oriented tuple-valued record field.,Security-domain unseen transfer succeeds when the loop patches a query API for threat labels absent from the seen fixtures.
unseen_science_transfer_repo,Held-out science-oriented fixture with evidence-source schema absent from the seen benchmark repositories.,unseen_evidence_sources_query,verified_closed_loop,proposed,"Full loop: candidate generation, patching, rollback, persistence, root broad gate, and THDSE core gate.",0,c56f0b417adc,0,1.426,3,0,1.0,0,,True,3,1.426,4,/tmp/rsi_experiments__07_fkbs/unseen_science_transfer_repo__unseen_evidence_sources_query__verified_closed_loop__r0/.omega_rsi_runs/closed_rsi_summary.json,"t a matching query API on LocalCorpusIndex. Evidence: field:evidence_sources, method:records_with_evidence_source, strategy:tuple_membership, canonical_strategy_bonus."",
        ""target"": ""shared.local_corpus.LocalCorpusIndex""
      },
      ""name"": ""autonomous_local_corpus_evidence_sources_query_v1"",
      ""started_at"": ""2026-05-26T22:19:26Z"",
      ""target_path"": ""shared/local_corpus.py"",
      ""test_path"": ""tests/test_autonomous_local_corpus_evidence_sources_query_v1.py""
    },
    {
      ""accepted"": true,
      ""error"": """",
      ""extra_paths"": [],
      ""finished_at"": ""2026-05-26T22:19:26Z"",
      ""gates"": [
        {
          ""args"": [
            ""/opt/hostedtoolcache/Python/3.11.15/x64/bin/python"",
            ""-m"",
            ""py_compile"",
            ""shared/local_corpus.py"",
            ""tests/test_emergent_local_corpus_definitions_membership_v1.py""
          ],
          ""cwd"": ""/tmp/rsi_experiments__07_fkbs/unseen_science_transfer_repo__unseen_evidence_sources_query__verified_closed_loop__r0"",
          ""elapsed_s"": 0.035,
          ""exit_code"": 0,
          ""label"": ""emergent_local_corpus_definitions_membership_v1_compile"",
          ""stderr_tail"": """",
          ""stdout_tail"": """",
          ""timed_out"": false
        },
        {
          ""args"": [
            ""/opt/hostedtoolcache/Python/3.11.15/x64/bin/python"",
            ""-m"",
            ""pytest"",
            ""-q"",
            ""--import-mode=importlib"",
            ""--maxfail=5"",
            ""--disable-warnings"",
            ""tests/test_emergent_local_corpus_definitions_membership_v1.py""
          ],
          ""cwd"": ""/tmp/rsi_experiments__07_fkbs/unseen_science_transfer_repo__unseen_evidence_sources_query__verified_closed_loop__r0"",
          ""elapsed_s"": 0.198,
          ""exit_code"": 0,
          ""label"": ""emergent_local_corpus_definitions_membership_v1_focused"",
          ""stderr_tail"": """",
          ""stdout_tail"": "".                                                                        [100%]\n1 passed in 0.01s\n"",
          ""timed_out"": false
        },
        {
          ""args"": [
            ""/opt/hostedtoolcache/Python/3.11.15/x64/bin/python"",
            ""-m"",
            ""pytest"",
            ""-q"",
            ""--import-mode=importlib"",
            ""--maxfail=20"",
            ""--disable-warnings"",
            ""tests""
          ],
          ""cwd"": ""/tmp/rsi_experiments__07_fkbs/unseen_science_transfer_repo__unseen_evidence_sources_query__verified_closed_loop__r0"",
          ""elapsed_s"": 0.211,
          ""exit_code"": 0,
          ""label"": ""emergent_local_corpus_definitions_membership_v1_root_broad"",
          ""stderr_tail"": """",
          ""stdout_tail"": "".....                                                                    [100%]\n5 passed in 0.02s\n"",
          ""timed_out"": false
        }
      ],
      ""generation"": 3,
      ""goal"": {
        ""metric"": ""planner score 9.999 plus generated regression test"",
        ""name"": ""emergently_query_local_corpus_definitions"",
        ""rationale"": ""The bounded emergent planner generated an alternate membership query hypothesis for definitions. Evidence: field:definitions, method:records_matching_definitions, strategy:alternate_tuple_membership."",
        ""target"": ""shared.local_corpus.LocalCorpusIndex""
      },
      ""name"": ""emergent_local_corpus_definitions_membership_v1"",
      ""started_at"": ""2026-05-26T22:19:26Z"",
      ""target_path"": ""shared/local_corpus.py"",
      ""test_path"": ""tests/test_emergent_local_corpus_definitions_membership_v1.py""
    }
  ],
  ""active_base"": ""emergent_local_corpus_definitions_membership_v1"",
  ""active_generation"": 3,
  ""broad_gate"": true,
  ""dry_run"": false,
  ""persistence"": true,
  ""rejected_this_run"": [],
  ""rollback"": true,
  ""state_path"": ""/tmp/rsi_experiments__07_fkbs/unseen_science_transfer_repo__unseen_evidence_sources_query__verified_closed_loop__r0/.omega_rsi_runs/closed_rsi_state.json"",
  ""thdse_core_gate"": true,
  ""total_accepted"": 3,
  ""total_rejected"": 0
}
",,unseen,compact_kernel_repo,Measure schema transfer on a held-out science-oriented tuple-valued record field.,Science-domain unseen transfer succeeds when the loop patches a query API for evidence sources absent from the seen fixtures.
unseen_science_transfer_repo,Held-out science-oriented fixture with evidence-source schema absent from the seen benchmark repositories.,unseen_evidence_sources_query,agent_coding_loop,baseline_agent_coding_loop,Baseline: single-pass automated coding loop with validation but without persistent recursive depth.,0,88eeb03537e8,0,0.516,1,0,1.0,0,,False,1,0.516,2,/tmp/rsi_experiments__07_fkbs/unseen_science_transfer_repo__unseen_evidence_sources_query__agent_coding_loop__r0/.omega_rsi_runs/closed_rsi_summary.json,"{
  ""accepted_this_run"": [
    {
      ""accepted"": true,
      ""error"": """",
      ""extra_paths"": [],
      ""finished_at"": ""2026-05-26T22:19:27Z"",
      ""gates"": [
        {
          ""args"": [
            ""/opt/hostedtoolcache/Python/3.11.15/x64/bin/python"",
            ""-m"",
            ""py_compile"",
            ""shared/local_corpus.py"",
            ""tests/test_autonomous_local_corpus_definitions_query_v1.py""
          ],
          ""cwd"": ""/tmp/rsi_experiments__07_fkbs/unseen_science_transfer_repo__unseen_evidence_sources_query__agent_coding_loop__r0"",
          ""elapsed_s"": 0.035,
          ""exit_code"": 0,
          ""label"": ""autonomous_local_corpus_definitions_query_v1_compile"",
          ""stderr_tail"": """",
          ""stdout_tail"": """",
          ""timed_out"": false
        },
        {
          ""args"": [
            ""/opt/hostedtoolcache/Python/3.11.15/x64/bin/python"",
            ""-m"",
            ""pytest"",
            ""-q"",
            ""--import-mode=importlib"",
            ""--maxfail=5"",
            ""--disable-warnings"",
            ""tests/test_autonomous_local_corpus_definitions_query_v1.py""
          ],
          ""cwd"": ""/tmp/rsi_experiments__07_fkbs/unseen_science_transfer_repo__unseen_evidence_sources_query__agent_coding_loop__r0"",
          ""elapsed_s"": 0.199,
          ""exit_code"": 0,
          ""label"": ""autonomous_local_corpus_definitions_query_v1_focused"",
          ""stderr_tail"": """",
          ""stdout_tail"": "".                                                                        [100%]\n1 passed in 0.01s\n"",
          ""timed_out"": false
        },
        {
          ""args"": [
            ""/opt/hostedtoolcache/Python/3.11.15/x64/bin/python"",
            ""-m"",
            ""pytest"",
            ""-q"",
            ""--import-mode=importlib"",
            ""--maxfail=20"",
            ""--disable-warnings"",
            ""tests""
          ],
          ""cwd"": ""/tmp/rsi_experiments__07_fkbs/unseen_science_transfer_repo__unseen_evidence_sources_query__agent_coding_loop__r0"",
          ""elapsed_s"": 0.216,
          ""exit_code"": 0,
          ""label"": ""autonomous_local_corpus_definitions_query_v1_root_broad"",
          ""stderr_tail"": """",
          ""stdout_tail"": ""...                                                                      [100%]\n3 passed in 0.03s\n"",
          ""timed_out"": false
        }
      ],
      ""generation"": 1,
      ""goal"": {
        ""metric"": ""planner score 11.999 plus generated regression test"",
        ""name"": ""autonomously_query_local_corpus_definitions"",
        ""rationale"": ""The planner found a tuple-valued definitions field without a matching query API on LocalCorpusIndex. Evidence: field:definitions, method:records_with_definition, strategy:tuple_membership, canonical_strategy_bonus."",
        ""target"": ""shared.local_corpus.LocalCorpusIndex""
      },
      ""name"": ""autonomous_local_corpus_definitions_query_v1"",
      ""started_at"": ""2026-05-26T22:19:27Z"",
      ""target_path"": ""shared/local_corpus.py"",
      ""test_path"": ""tests/test_autonomous_local_corpus_definitions_query_v1.py""
    }
  ],
  ""active_base"": ""autonomous_local_corpus_definitions_query_v1"",
  ""active_generation"": 1,
  ""broad_gate"": true,
  ""dry_run"": false,
  ""persistence"": false,
  ""rejected_this_run"": [],
  ""rollback"": true,
  ""state_path"": ""/tmp/rsi_experiments__07_fkbs/unseen_science_transfer_repo__unseen_evidence_sources_query__agent_coding_loop__r0/.omega_rsi_runs/closed_rsi_state.json"",
  ""thdse_core_gate"": true,
  ""total_accepted"": 1,
  ""total_rejected"": 0
}
",,unseen,compact_kernel_repo,Measure schema transfer on a held-out science-oriented tuple-valued record field.,Science-domain unseen transfer succeeds when the loop patches a query API for evidence sources absent from the seen fixtures.
unseen_science_transfer_repo,Held-out science-oriented fixture with evidence-source schema absent from the seen benchmark repositories.,unseen_evidence_sources_query,ci_only_validation,baseline_ci_only,Baseline: run validation without candidate generation or code patching.,0,0e0c23e114d9,0,0.22,0,0,0.0,0,,False,0,0.22,0,/tmp/rsi_experiments__07_fkbs/unseen_science_transfer_repo__unseen_evidence_sources_query__ci_only_validation__r0/.omega_rsi_runs/closed_rsi_summary.json,"..                                                                       [100%]
2 passed in 0.03s
",,unseen,compact_kernel_repo,Measure schema transfer on a held-out science-oriented tuple-valued record field.,Science-domain unseen transfer succeeds when the loop patches a query API for evidence sources absent from the seen fixtures.
unseen_science_transfer_repo,Held-out science-oriented fixture with evidence-source schema absent from the seen benchmark repositories.,unseen_evidence_sources_query,verified_closed_loop,proposed,"Full loop: candidate generation, patching, rollback, persistence, root broad gate, and THDSE core gate.",1,6a347510292f,0,1.431,3,0,1.0,0,,True,3,1.431,4,/tmp/rsi_experiments__07_fkbs/unseen_science_transfer_repo__unseen_evidence_sources_query__verified_closed_loop__r1/.omega_rsi_runs/closed_rsi_summary.json,"ut a matching query API on LocalCorpusIndex. Evidence: field:evidence_sources, method:records_with_evidence_source, strategy:tuple_membership, canonical_strategy_bonus."",
        ""target"": ""shared.local_corpus.LocalCorpusIndex""
      },
      ""name"": ""autonomous_local_corpus_evidence_sources_query_v1"",
      ""started_at"": ""2026-05-26T22:19:28Z"",
      ""target_path"": ""shared/local_corpus.py"",
      ""test_path"": ""tests/test_autonomous_local_corpus_evidence_sources_query_v1.py""
    },
    {
      ""accepted"": true,
      ""error"": """",
      ""extra_paths"": [],
      ""finished_at"": ""2026-05-26T22:19:29Z"",
      ""gates"": [
        {
          ""args"": [
            ""/opt/hostedtoolcache/Python/3.11.15/x64/bin/python"",
            ""-m"",
            ""py_compile"",
            ""shared/local_corpus.py"",
            ""tests/test_emergent_local_corpus_definitions_membership_v1.py""
          ],
          ""cwd"": ""/tmp/rsi_experiments__07_fkbs/unseen_science_transfer_repo__unseen_evidence_sources_query__verified_closed_loop__r1"",
          ""elapsed_s"": 0.035,
          ""exit_code"": 0,
          ""label"": ""emergent_local_corpus_definitions_membership_v1_compile"",
          ""stderr_tail"": """",
          ""stdout_tail"": """",
          ""timed_out"": false
        },
        {
          ""args"": [
            ""/opt/hostedtoolcache/Python/3.11.15/x64/bin/python"",
            ""-m"",
            ""pytest"",
            ""-q"",
            ""--import-mode=importlib"",
            ""--maxfail=5"",
            ""--disable-warnings"",
            ""tests/test_emergent_local_corpus_definitions_membership_v1.py""
          ],
          ""cwd"": ""/tmp/rsi_experiments__07_fkbs/unseen_science_transfer_repo__unseen_evidence_sources_query__verified_closed_loop__r1"",
          ""elapsed_s"": 0.208,
          ""exit_code"": 0,
          ""label"": ""emergent_local_corpus_definitions_membership_v1_focused"",
          ""stderr_tail"": """",
          ""stdout_tail"": "".                                                                        [100%]\n1 passed in 0.01s\n"",
          ""timed_out"": false
        },
        {
          ""args"": [
            ""/opt/hostedtoolcache/Python/3.11.15/x64/bin/python"",
            ""-m"",
            ""pytest"",
            ""-q"",
            ""--import-mode=importlib"",
            ""--maxfail=20"",
            ""--disable-warnings"",
            ""tests""
          ],
          ""cwd"": ""/tmp/rsi_experiments__07_fkbs/unseen_science_transfer_repo__unseen_evidence_sources_query__verified_closed_loop__r1"",
          ""elapsed_s"": 0.21,
          ""exit_code"": 0,
          ""label"": ""emergent_local_corpus_definitions_membership_v1_root_broad"",
          ""stderr_tail"": """",
          ""stdout_tail"": "".....                                                                    [100%]\n5 passed in 0.02s\n"",
          ""timed_out"": false
        }
      ],
      ""generation"": 3,
      ""goal"": {
        ""metric"": ""planner score 9.999 plus generated regression test"",
        ""name"": ""emergently_query_local_corpus_definitions"",
        ""rationale"": ""The bounded emergent planner generated an alternate membership query hypothesis for definitions. Evidence: field:definitions, method:records_matching_definitions, strategy:alternate_tuple_membership."",
        ""target"": ""shared.local_corpus.LocalCorpusIndex""
      },
      ""name"": ""emergent_local_corpus_definitions_membership_v1"",
      ""started_at"": ""2026-05-26T22:19:28Z"",
      ""target_path"": ""shared/local_corpus.py"",
      ""test_path"": ""tests/test_emergent_local_corpus_definitions_membership_v1.py""
    }
  ],
  ""active_base"": ""emergent_local_corpus_definitions_membership_v1"",
  ""active_generation"": 3,
  ""broad_gate"": true,
  ""dry_run"": false,
  ""persistence"": true,
  ""rejected_this_run"": [],
  ""rollback"": true,
  ""state_path"": ""/tmp/rsi_experiments__07_fkbs/unseen_science_transfer_repo__unseen_evidence_sources_query__verified_closed_loop__r1/.omega_rsi_runs/closed_rsi_state.json"",
  ""thdse_core_gate"": true,
  ""total_accepted"": 3,
  ""total_rejected"": 0
}
",,unseen,compact_kernel_repo,Measure schema transfer on a held-out science-oriented tuple-valued record field.,Science-domain unseen transfer succeeds when the loop patches a query API for evidence sources absent from the seen fixtures.
unseen_science_transfer_repo,Held-out science-oriented fixture with evidence-source schema absent from the seen benchmark repositories.,unseen_evidence_sources_query,agent_coding_loop,baseline_agent_coding_loop,Baseline: single-pass automated coding loop with validation but without persistent recursive depth.,1,e85f83b88041,0,0.516,1,0,1.0,0,,False,1,0.516,2,/tmp/rsi_experiments__07_fkbs/unseen_science_transfer_repo__unseen_evidence_sources_query__agent_coding_loop__r1/.omega_rsi_runs/closed_rsi_summary.json,"{
  ""accepted_this_run"": [
    {
      ""accepted"": true,
      ""error"": """",
      ""extra_paths"": [],
      ""finished_at"": ""2026-05-26T22:19:29Z"",
      ""gates"": [
        {
          ""args"": [
            ""/opt/hostedtoolcache/Python/3.11.15/x64/bin/python"",
            ""-m"",
            ""py_compile"",
            ""shared/local_corpus.py"",
            ""tests/test_autonomous_local_corpus_definitions_query_v1.py""
          ],
          ""cwd"": ""/tmp/rsi_experiments__07_fkbs/unseen_science_transfer_repo__unseen_evidence_sources_query__agent_coding_loop__r1"",
          ""elapsed_s"": 0.035,
          ""exit_code"": 0,
          ""label"": ""autonomous_local_corpus_definitions_query_v1_compile"",
          ""stderr_tail"": """",
          ""stdout_tail"": """",
          ""timed_out"": false
        },
        {
          ""args"": [
            ""/opt/hostedtoolcache/Python/3.11.15/x64/bin/python"",
            ""-m"",
            ""pytest"",
            ""-q"",
            ""--import-mode=importlib"",
            ""--maxfail=5"",
            ""--disable-warnings"",
            ""tests/test_autonomous_local_corpus_definitions_query_v1.py""
          ],
          ""cwd"": ""/tmp/rsi_experiments__07_fkbs/unseen_science_transfer_repo__unseen_evidence_sources_query__agent_coding_loop__r1"",
          ""elapsed_s"": 0.198,
          ""exit_code"": 0,
          ""label"": ""autonomous_local_corpus_definitions_query_v1_focused"",
          ""stderr_tail"": """",
          ""stdout_tail"": "".                                                                        [100%]\n1 passed in 0.01s\n"",
          ""timed_out"": false
        },
        {
          ""args"": [
            ""/opt/hostedtoolcache/Python/3.11.15/x64/bin/python"",
            ""-m"",
            ""pytest"",
            ""-q"",
            ""--import-mode=importlib"",
            ""--maxfail=20"",
            ""--disable-warnings"",
            ""tests""
          ],
          ""cwd"": ""/tmp/rsi_experiments__07_fkbs/unseen_science_transfer_repo__unseen_evidence_sources_query__agent_coding_loop__r1"",
          ""elapsed_s"": 0.216,
          ""exit_code"": 0,
          ""label"": ""autonomous_local_corpus_definitions_query_v1_root_broad"",
          ""stderr_tail"": """",
          ""stdout_tail"": ""...                                                                      [100%]\n3 passed in 0.03s\n"",
          ""timed_out"": false
        }
      ],
      ""generation"": 1,
      ""goal"": {
        ""metric"": ""planner score 11.999 plus generated regression test"",
        ""name"": ""autonomously_query_local_corpus_definitions"",
        ""rationale"": ""The planner found a tuple-valued definitions field without a matching query API on LocalCorpusIndex. Evidence: field:definitions, method:records_with_definition, strategy:tuple_membership, canonical_strategy_bonus."",
        ""target"": ""shared.local_corpus.LocalCorpusIndex""
      },
      ""name"": ""autonomous_local_corpus_definitions_query_v1"",
      ""started_at"": ""2026-05-26T22:19:29Z"",
      ""target_path"": ""shared/local_corpus.py"",
      ""test_path"": ""tests/test_autonomous_local_corpus_definitions_query_v1.py""
    }
  ],
  ""active_base"": ""autonomous_local_corpus_definitions_query_v1"",
  ""active_generation"": 1,
  ""broad_gate"": true,
  ""dry_run"": false,
  ""persistence"": false,
  ""rejected_this_run"": [],
  ""rollback"": true,
  ""state_path"": ""/tmp/rsi_experiments__07_fkbs/unseen_science_transfer_repo__unseen_evidence_sources_query__agent_coding_loop__r1/.omega_rsi_runs/closed_rsi_state.json"",
  ""thdse_core_gate"": true,
  ""total_accepted"": 1,
  ""total_rejected"": 0
}
",,unseen,compact_kernel_repo,Measure schema transfer on a held-out science-oriented tuple-valued record field.,Science-domain unseen transfer succeeds when the loop patches a query API for evidence sources absent from the seen fixtures.
unseen_science_transfer_repo,Held-out science-oriented fixture with evidence-source schema absent from the seen benchmark repositories.,unseen_evidence_sources_query,ci_only_validation,baseline_ci_only,Baseline: run validation without candidate generation or code patching.,1,35a38e582f44,0,0.227,0,0,0.0,0,,False,0,0.227,0,/tmp/rsi_experiments__07_fkbs/unseen_science_transfer_repo__unseen_evidence_sources_query__ci_only_validation__r1/.omega_rsi_runs/closed_rsi_summary.json,"..                                                                       [100%]
2 passed in 0.03s
",,unseen,compact_kernel_repo,Measure schema transfer on a held-out science-oriented tuple-valued record field.,Science-domain unseen transfer succeeds when the loop patches a query API for evidence sources absent from the seen fixtures.
unseen_control_transfer_repo,Held-out control-oriented fixture with controller-mode schema absent from the seen benchmark repositories.,unseen_controller_modes_query,verified_closed_loop,proposed,"Full loop: candidate generation, patching, rollback, persistence, root broad gate, and THDSE core gate.",0,24c4141c92b7,0,1.412,3,0,1.0,0,,True,3,1.412,4,/tmp/rsi_experiments__07_fkbs/unseen_control_transfer_repo__unseen_controller_modes_query__verified_closed_loop__r0/.omega_rsi_runs/closed_rsi_summary.json,"initions field without a matching query API on LocalCorpusIndex. Evidence: field:definitions, method:records_with_definition, strategy:tuple_membership, canonical_strategy_bonus."",
        ""target"": ""shared.local_corpus.LocalCorpusIndex""
      },
      ""name"": ""autonomous_local_corpus_definitions_query_v1"",
      ""started_at"": ""2026-05-26T22:19:30Z"",
      ""target_path"": ""shared/local_corpus.py"",
      ""test_path"": ""tests/test_autonomous_local_corpus_definitions_query_v1.py""
    },
    {
      ""accepted"": true,
      ""error"": """",
      ""extra_paths"": [],
      ""finished_at"": ""2026-05-26T22:19:31Z"",
      ""gates"": [
        {
          ""args"": [
            ""/opt/hostedtoolcache/Python/3.11.15/x64/bin/python"",
            ""-m"",
            ""py_compile"",
            ""shared/local_corpus.py"",
            ""tests/test_emergent_local_corpus_definitions_membership_v1.py""
          ],
          ""cwd"": ""/tmp/rsi_experiments__07_fkbs/unseen_control_transfer_repo__unseen_controller_modes_query__verified_closed_loop__r0"",
          ""elapsed_s"": 0.035,
          ""exit_code"": 0,
          ""label"": ""emergent_local_corpus_definitions_membership_v1_compile"",
          ""stderr_tail"": """",
          ""stdout_tail"": """",
          ""timed_out"": false
        },
        {
          ""args"": [
            ""/opt/hostedtoolcache/Python/3.11.15/x64/bin/python"",
            ""-m"",
            ""pytest"",
            ""-q"",
            ""--import-mode=importlib"",
            ""--maxfail=5"",
            ""--disable-warnings"",
            ""tests/test_emergent_local_corpus_definitions_membership_v1.py""
          ],
          ""cwd"": ""/tmp/rsi_experiments__07_fkbs/unseen_control_transfer_repo__unseen_controller_modes_query__verified_closed_loop__r0"",
          ""elapsed_s"": 0.201,
          ""exit_code"": 0,
          ""label"": ""emergent_local_corpus_definitions_membership_v1_focused"",
          ""stderr_tail"": """",
          ""stdout_tail"": "".                                                                        [100%]\n1 passed in 0.01s\n"",
          ""timed_out"": false
        },
        {
          ""args"": [
            ""/opt/hostedtoolcache/Python/3.11.15/x64/bin/python"",
            ""-m"",
            ""pytest"",
            ""-q"",
            ""--import-mode=importlib"",
            ""--maxfail=20"",
            ""--disable-warnings"",
            ""tests""
          ],
          ""cwd"": ""/tmp/rsi_experiments__07_fkbs/unseen_control_transfer_repo__unseen_controller_modes_query__verified_closed_loop__r0"",
          ""elapsed_s"": 0.21,
          ""exit_code"": 0,
          ""label"": ""emergent_local_corpus_definitions_membership_v1_root_broad"",
          ""stderr_tail"": """",
          ""stdout_tail"": "".....                                                                    [100%]\n5 passed in 0.02s\n"",
          ""timed_out"": false
        }
      ],
      ""generation"": 3,
      ""goal"": {
        ""metric"": ""planner score 9.999 plus generated regression test"",
        ""name"": ""emergently_query_local_corpus_definitions"",
        ""rationale"": ""The bounded emergent planner generated an alternate membership query hypothesis for definitions. Evidence: field:definitions, method:records_matching_definitions, strategy:alternate_tuple_membership."",
        ""target"": ""shared.local_corpus.LocalCorpusIndex""
      },
      ""name"": ""emergent_local_corpus_definitions_membership_v1"",
      ""started_at"": ""2026-05-26T22:19:30Z"",
      ""target_path"": ""shared/local_corpus.py"",
      ""test_path"": ""tests/test_emergent_local_corpus_definitions_membership_v1.py""
    }
  ],
  ""active_base"": ""emergent_local_corpus_definitions_membership_v1"",
  ""active_generation"": 3,
  ""broad_gate"": true,
  ""dry_run"": false,
  ""persistence"": true,
  ""rejected_this_run"": [],
  ""rollback"": true,
  ""state_path"": ""/tmp/rsi_experiments__07_fkbs/unseen_control_transfer_repo__unseen_controller_modes_query__verified_closed_loop__r0/.omega_rsi_runs/closed_rsi_state.json"",
  ""thdse_core_gate"": true,
  ""total_accepted"": 3,
  ""total_rejected"": 0
}
",,unseen,compact_kernel_repo,Measure schema transfer on a held-out control-oriented tuple-valued record field.,Control-domain unseen transfer succeeds when the loop patches a query API for controller modes absent from the seen fixtures.
unseen_control_transfer_repo,Held-out control-oriented fixture with controller-mode schema absent from the seen benchmark repositories.,unseen_controller_modes_query,agent_coding_loop,baseline_agent_coding_loop,Baseline: single-pass automated coding loop with validation but without persistent recursive depth.,0,dadf3a5d6009,0,0.514,1,0,1.0,0,,False,1,0.514,2,/tmp/rsi_experiments__07_fkbs/unseen_control_transfer_repo__unseen_controller_modes_query__agent_coding_loop__r0/.omega_rsi_runs/closed_rsi_summary.json,"{
  ""accepted_this_run"": [
    {
      ""accepted"": true,
      ""error"": """",
      ""extra_paths"": [],
      ""finished_at"": ""2026-05-26T22:19:31Z"",
      ""gates"": [
        {
          ""args"": [
            ""/opt/hostedtoolcache/Python/3.11.15/x64/bin/python"",
            ""-m"",
            ""py_compile"",
            ""shared/local_corpus.py"",
            ""tests/test_autonomous_local_corpus_controller_modes_query_v1.py""
          ],
          ""cwd"": ""/tmp/rsi_experiments__07_fkbs/unseen_control_transfer_repo__unseen_controller_modes_query__agent_coding_loop__r0"",
          ""elapsed_s"": 0.035,
          ""exit_code"": 0,
          ""label"": ""autonomous_local_corpus_controller_modes_query_v1_compile"",
          ""stderr_tail"": """",
          ""stdout_tail"": """",
          ""timed_out"": false
        },
        {
          ""args"": [
            ""/opt/hostedtoolcache/Python/3.11.15/x64/bin/python"",
            ""-m"",
            ""pytest"",
            ""-q"",
            ""--import-mode=importlib"",
            ""--maxfail=5"",
            ""--disable-warnings"",
            ""tests/test_autonomous_local_corpus_controller_modes_query_v1.py""
          ],
          ""cwd"": ""/tmp/rsi_experiments__07_fkbs/unseen_control_transfer_repo__unseen_controller_modes_query__agent_coding_loop__r0"",
          ""elapsed_s"": 0.2,
          ""exit_code"": 0,
          ""label"": ""autonomous_local_corpus_controller_modes_query_v1_focused"",
          ""stderr_tail"": """",
          ""stdout_tail"": "".                                                                        [100%]\n1 passed in 0.01s\n"",
          ""timed_out"": false
        },
        {
          ""args"": [
            ""/opt/hostedtoolcache/Python/3.11.15/x64/bin/python"",
            ""-m"",
            ""pytest"",
            ""-q"",
            ""--import-mode=importlib"",
            ""--maxfail=20"",
            ""--disable-warnings"",
            ""tests""
          ],
          ""cwd"": ""/tmp/rsi_experiments__07_fkbs/unseen_control_transfer_repo__unseen_controller_modes_query__agent_coding_loop__r0"",
          ""elapsed_s"": 0.213,
          ""exit_code"": 0,
          ""label"": ""autonomous_local_corpus_controller_modes_query_v1_root_broad"",
          ""stderr_tail"": """",
          ""stdout_tail"": ""...                                                                      [100%]\n3 passed in 0.03s\n"",
          ""timed_out"": false
        }
      ],
      ""generation"": 1,
      ""goal"": {
        ""metric"": ""planner score 11.996 plus generated regression test"",
        ""name"": ""autonomously_query_local_corpus_controller_modes"",
        ""rationale"": ""The planner found a tuple-valued controller_modes field without a matching query API on LocalCorpusIndex. Evidence: field:controller_modes, method:records_with_controller_mode, strategy:tuple_membership, canonical_strategy_bonus."",
        ""target"": ""shared.local_corpus.LocalCorpusIndex""
      },
      ""name"": ""autonomous_local_corpus_controller_modes_query_v1"",
      ""started_at"": ""2026-05-26T22:19:31Z"",
      ""target_path"": ""shared/local_corpus.py"",
      ""test_path"": ""tests/test_autonomous_local_corpus_controller_modes_query_v1.py""
    }
  ],
  ""active_base"": ""autonomous_local_corpus_controller_modes_query_v1"",
  ""active_generation"": 1,
  ""broad_gate"": true,
  ""dry_run"": false,
  ""persistence"": false,
  ""rejected_this_run"": [],
  ""rollback"": true,
  ""state_path"": ""/tmp/rsi_experiments__07_fkbs/unseen_control_transfer_repo__unseen_controller_modes_query__agent_coding_loop__r0/.omega_rsi_runs/closed_rsi_state.json"",
  ""thdse_core_gate"": true,
  ""total_accepted"": 1,
  ""total_rejected"": 0
}
",,unseen,compact_kernel_repo,Measure schema transfer on a held-out control-oriented tuple-valued record field.,Control-domain unseen transfer succeeds when the loop patches a query API for controller modes absent from the seen fixtures.
unseen_control_transfer_repo,Held-out control-oriented fixture with controller-mode schema absent from the seen benchmark repositories.,unseen_controller_modes_query,ci_only_validation,baseline_ci_only,Baseline: run validation without candidate generation or code patching.,0,300d5207219c,0,0.219,0,0,0.0,0,,False,0,0.219,0,/tmp/rsi_experiments__07_fkbs/unseen_control_transfer_repo__unseen_controller_modes_query__ci_only_validation__r0/.omega_rsi_runs/closed_rsi_summary.json,"..                                                                       [100%]
2 passed in 0.03s
",,unseen,compact_kernel_repo,Measure schema transfer on a held-out control-oriented tuple-valued record field.,Control-domain unseen transfer succeeds when the loop patches a query API for controller modes absent from the seen fixtures.
unseen_control_transfer_repo,Held-out control-oriented fixture with controller-mode schema absent from the seen benchmark repositories.,unseen_controller_modes_query,verified_closed_loop,proposed,"Full loop: candidate generation, patching, rollback, persistence, root broad gate, and THDSE core gate.",1,5197967c8ca8,0,1.421,3,0,1.0,0,,True,3,1.421,4,/tmp/rsi_experiments__07_fkbs/unseen_control_transfer_repo__unseen_controller_modes_query__verified_closed_loop__r1/.omega_rsi_runs/closed_rsi_summary.json,"nitions field without a matching query API on LocalCorpusIndex. Evidence: field:definitions, method:records_with_definition, strategy:tuple_membership, canonical_strategy_bonus."",
        ""target"": ""shared.local_corpus.LocalCorpusIndex""
      },
      ""name"": ""autonomous_local_corpus_definitions_query_v1"",
      ""started_at"": ""2026-05-26T22:19:32Z"",
      ""target_path"": ""shared/local_corpus.py"",
      ""test_path"": ""tests/test_autonomous_local_corpus_definitions_query_v1.py""
    },
    {
      ""accepted"": true,
      ""error"": """",
      ""extra_paths"": [],
      ""finished_at"": ""2026-05-26T22:19:33Z"",
      ""gates"": [
        {
          ""args"": [
            ""/opt/hostedtoolcache/Python/3.11.15/x64/bin/python"",
            ""-m"",
            ""py_compile"",
            ""shared/local_corpus.py"",
            ""tests/test_emergent_local_corpus_definitions_membership_v1.py""
          ],
          ""cwd"": ""/tmp/rsi_experiments__07_fkbs/unseen_control_transfer_repo__unseen_controller_modes_query__verified_closed_loop__r1"",
          ""elapsed_s"": 0.035,
          ""exit_code"": 0,
          ""label"": ""emergent_local_corpus_definitions_membership_v1_compile"",
          ""stderr_tail"": """",
          ""stdout_tail"": """",
          ""timed_out"": false
        },
        {
          ""args"": [
            ""/opt/hostedtoolcache/Python/3.11.15/x64/bin/python"",
            ""-m"",
            ""pytest"",
            ""-q"",
            ""--import-mode=importlib"",
            ""--maxfail=5"",
            ""--disable-warnings"",
            ""tests/test_emergent_local_corpus_definitions_membership_v1.py""
          ],
          ""cwd"": ""/tmp/rsi_experiments__07_fkbs/unseen_control_transfer_repo__unseen_controller_modes_query__verified_closed_loop__r1"",
          ""elapsed_s"": 0.199,
          ""exit_code"": 0,
          ""label"": ""emergent_local_corpus_definitions_membership_v1_focused"",
          ""stderr_tail"": """",
          ""stdout_tail"": "".                                                                        [100%]\n1 passed in 0.01s\n"",
          ""timed_out"": false
        },
        {
          ""args"": [
            ""/opt/hostedtoolcache/Python/3.11.15/x64/bin/python"",
            ""-m"",
            ""pytest"",
            ""-q"",
            ""--import-mode=importlib"",
            ""--maxfail=20"",
            ""--disable-warnings"",
            ""tests""
          ],
          ""cwd"": ""/tmp/rsi_experiments__07_fkbs/unseen_control_transfer_repo__unseen_controller_modes_query__verified_closed_loop__r1"",
          ""elapsed_s"": 0.214,
          ""exit_code"": 0,
          ""label"": ""emergent_local_corpus_definitions_membership_v1_root_broad"",
          ""stderr_tail"": """",
          ""stdout_tail"": "".....                                                                    [100%]\n5 passed in 0.02s\n"",
          ""timed_out"": false
        }
      ],
      ""generation"": 3,
      ""goal"": {
        ""metric"": ""planner score 9.999 plus generated regression test"",
        ""name"": ""emergently_query_local_corpus_definitions"",
        ""rationale"": ""The bounded emergent planner generated an alternate membership query hypothesis for definitions. Evidence: field:definitions, method:records_matching_definitions, strategy:alternate_tuple_membership."",
        ""target"": ""shared.local_corpus.LocalCorpusIndex""
      },
      ""name"": ""emergent_local_corpus_definitions_membership_v1"",
      ""started_at"": ""2026-05-26T22:19:33Z"",
      ""target_path"": ""shared/local_corpus.py"",
      ""test_path"": ""tests/test_emergent_local_corpus_definitions_membership_v1.py""
    }
  ],
  ""active_base"": ""emergent_local_corpus_definitions_membership_v1"",
  ""active_generation"": 3,
  ""broad_gate"": true,
  ""dry_run"": false,
  ""persistence"": true,
  ""rejected_this_run"": [],
  ""rollback"": true,
  ""state_path"": ""/tmp/rsi_experiments__07_fkbs/unseen_control_transfer_repo__unseen_controller_modes_query__verified_closed_loop__r1/.omega_rsi_runs/closed_rsi_state.json"",
  ""thdse_core_gate"": true,
  ""total_accepted"": 3,
  ""total_rejected"": 0
}
",,unseen,compact_kernel_repo,Measure schema transfer on a held-out control-oriented tuple-valued record field.,Control-domain unseen transfer succeeds when the loop patches a query API for controller modes absent from the seen fixtures.
unseen_control_transfer_repo,Held-out control-oriented fixture with controller-mode schema absent from the seen benchmark repositories.,unseen_controller_modes_query,agent_coding_loop,baseline_agent_coding_loop,Baseline: single-pass automated coding loop with validation but without persistent recursive depth.,1,849450bf8b50,0,0.518,1,0,1.0,0,,False,1,0.518,2,/tmp/rsi_experiments__07_fkbs/unseen_control_transfer_repo__unseen_controller_modes_query__agent_coding_loop__r1/.omega_rsi_runs/closed_rsi_summary.json,"{
  ""accepted_this_run"": [
    {
      ""accepted"": true,
      ""error"": """",
      ""extra_paths"": [],
      ""finished_at"": ""2026-05-26T22:19:33Z"",
      ""gates"": [
        {
          ""args"": [
            ""/opt/hostedtoolcache/Python/3.11.15/x64/bin/python"",
            ""-m"",
            ""py_compile"",
            ""shared/local_corpus.py"",
            ""tests/test_autonomous_local_corpus_controller_modes_query_v1.py""
          ],
          ""cwd"": ""/tmp/rsi_experiments__07_fkbs/unseen_control_transfer_repo__unseen_controller_modes_query__agent_coding_loop__r1"",
          ""elapsed_s"": 0.035,
          ""exit_code"": 0,
          ""label"": ""autonomous_local_corpus_controller_modes_query_v1_compile"",
          ""stderr_tail"": """",
          ""stdout_tail"": """",
          ""timed_out"": false
        },
        {
          ""args"": [
            ""/opt/hostedtoolcache/Python/3.11.15/x64/bin/python"",
            ""-m"",
            ""pytest"",
            ""-q"",
            ""--import-mode=importlib"",
            ""--maxfail=5"",
            ""--disable-warnings"",
            ""tests/test_autonomous_local_corpus_controller_modes_query_v1.py""
          ],
          ""cwd"": ""/tmp/rsi_experiments__07_fkbs/unseen_control_transfer_repo__unseen_controller_modes_query__agent_coding_loop__r1"",
          ""elapsed_s"": 0.203,
          ""exit_code"": 0,
          ""label"": ""autonomous_local_corpus_controller_modes_query_v1_focused"",
          ""stderr_tail"": """",
          ""stdout_tail"": "".                                                                        [100%]\n1 passed in 0.01s\n"",
          ""timed_out"": false
        },
        {
          ""args"": [
            ""/opt/hostedtoolcache/Python/3.11.15/x64/bin/python"",
            ""-m"",
            ""pytest"",
            ""-q"",
            ""--import-mode=importlib"",
            ""--maxfail=20"",
            ""--disable-warnings"",
            ""tests""
          ],
          ""cwd"": ""/tmp/rsi_experiments__07_fkbs/unseen_control_transfer_repo__unseen_controller_modes_query__agent_coding_loop__r1"",
          ""elapsed_s"": 0.214,
          ""exit_code"": 0,
          ""label"": ""autonomous_local_corpus_controller_modes_query_v1_root_broad"",
          ""stderr_tail"": """",
          ""stdout_tail"": ""...                                                                      [100%]\n3 passed in 0.03s\n"",
          ""timed_out"": false
        }
      ],
      ""generation"": 1,
      ""goal"": {
        ""metric"": ""planner score 11.996 plus generated regression test"",
        ""name"": ""autonomously_query_local_corpus_controller_modes"",
        ""rationale"": ""The planner found a tuple-valued controller_modes field without a matching query API on LocalCorpusIndex. Evidence: field:controller_modes, method:records_with_controller_mode, strategy:tuple_membership, canonical_strategy_bonus."",
        ""target"": ""shared.local_corpus.LocalCorpusIndex""
      },
      ""name"": ""autonomous_local_corpus_controller_modes_query_v1"",
      ""started_at"": ""2026-05-26T22:19:33Z"",
      ""target_path"": ""shared/local_corpus.py"",
      ""test_path"": ""tests/test_autonomous_local_corpus_controller_modes_query_v1.py""
    }
  ],
  ""active_base"": ""autonomous_local_corpus_controller_modes_query_v1"",
  ""active_generation"": 1,
  ""broad_gate"": true,
  ""dry_run"": false,
  ""persistence"": false,
  ""rejected_this_run"": [],
  ""rollback"": true,
  ""state_path"": ""/tmp/rsi_experiments__07_fkbs/unseen_control_transfer_repo__unseen_controller_modes_query__agent_coding_loop__r1/.omega_rsi_runs/closed_rsi_state.json"",
  ""thdse_core_gate"": true,
  ""total_accepted"": 1,
  ""total_rejected"": 0
}
",,unseen,compact_kernel_repo,Measure schema transfer on a held-out control-oriented tuple-valued record field.,Control-domain unseen transfer succeeds when the loop patches a query API for controller modes absent from the seen fixtures.
unseen_control_transfer_repo,Held-out control-oriented fixture with controller-mode schema absent from the seen benchmark repositories.,unseen_controller_modes_query,ci_only_validation,baseline_ci_only,Baseline: run validation without candidate generation or code patching.,1,90353bc9bd8e,0,0.221,0,0,0.0,0,,False,0,0.221,0,/tmp/rsi_experiments__07_fkbs/unseen_control_transfer_repo__unseen_controller_modes_query__ci_only_validation__r1/.omega_rsi_runs/closed_rsi_summary.json,"..                                                                       [100%]
2 passed in 0.03s
",,unseen,compact_kernel_repo,Measure schema transfer on a held-out control-oriented tuple-valued record field.,Control-domain unseen transfer succeeds when the loop patches a query API for controller modes absent from the seen fixtures.
