task,variant,family,description,exit_code,elapsed_s,accepted_count,rejected_count,accepted_rate,regression_gate_failures,rollback_correct,persistence_file_exists,improvement_depth,cost_proxy_seconds,changed_files_count,summary_path,stdout_tail,stderr_tail
local_corpus_queries_clean,verified_closed_loop,proposed,"Full loop: candidate generation, patching, rollback, persistence, root broad gate, and THDSE core gate.",0,37.083,2,0,1.0,0,,True,2,37.083,3,/tmp/rsi_experiments_fxqz75ve/local_corpus_queries_clean__verified_closed_loop/.omega_rsi_runs/closed_rsi_summary.json,"   ""exit_code"": 0,
          ""label"": ""local_corpus_import_query_v1_compile"",
          ""stderr_tail"": """",
          ""stdout_tail"": """",
          ""timed_out"": false
        },
        {
          ""args"": [
            ""/opt/hostedtoolcache/Python/3.11.15/x64/bin/python"",
            ""-m"",
            ""pytest"",
            ""-q"",
            ""--import-mode=importlib"",
            ""--maxfail=5"",
            ""--disable-warnings"",
            ""tests/test_local_corpus_import_query_rewrite.py""
          ],
          ""cwd"": ""/tmp/rsi_experiments_fxqz75ve/local_corpus_queries_clean__verified_closed_loop"",
          ""elapsed_s"": 0.195,
          ""exit_code"": 0,
          ""label"": ""local_corpus_import_query_v1_focused"",
          ""stderr_tail"": """",
          ""stdout_tail"": "".                                                                        [100%]\n1 passed in 0.02s\n"",
          ""timed_out"": false
        },
        {
          ""args"": [
            ""/opt/hostedtoolcache/Python/3.11.15/x64/bin/python"",
            ""-m"",
            ""pytest"",
            ""-q"",
            ""--import-mode=importlib"",
            ""--maxfail=20"",
            ""--disable-warnings"",
            ""tests""
          ],
          ""cwd"": ""/tmp/rsi_experiments_fxqz75ve/local_corpus_queries_clean__verified_closed_loop"",
          ""elapsed_s"": 12.132,
          ""exit_code"": 0,
          ""label"": ""local_corpus_import_query_v1_root_broad"",
          ""stderr_tail"": """",
          ""stdout_tail"": ""........................................................................ [ 16%]\n........................................................................ [ 32%]\n........................................................................ [ 49%]\n.......................................................s................ [ 65%]\n........................................................................ [ 82%]\n...............................................................s........ [ 98%]\n......                                                                   [100%]\n436 passed, 4 skipped in 11.73s\n"",
          ""timed_out"": false
        },
        {
          ""args"": [
            ""/opt/hostedtoolcache/Python/3.11.15/x64/bin/python"",
            ""-m"",
            ""pytest"",
            ""-q"",
            ""--import-mode=importlib"",
            ""--maxfail=20"",
            ""--disable-warnings"",
            ""tests/test_execution_sandbox.py"",
            ""tests/test_adaptive_threshold.py"",
            ""tests/test_direct_io_scoring.py"",
            ""tests/test_structural_diff.py"",
            ""tests/test_batch_correlation.py""
          ],
          ""cwd"": ""/tmp/rsi_experiments_fxqz75ve/local_corpus_queries_clean__verified_closed_loop/thdse"",
          ""elapsed_s"": 5.448,
          ""exit_code"": 0,
          ""label"": ""local_corpus_import_query_v1_thdse_core"",
          ""stderr_tail"": """",
          ""stdout_tail"": ""....................................                                     [100%]\n36 passed in 5.21s\n"",
          ""timed_out"": false
        }
      ],
      ""generation"": 2,
      ""goal"": {
        ""metric"": ""new import query API plus focused regression test"",
        ""name"": ""make_local_corpus_queryable_by_import"",
        ""rationale"": ""The corpus index stores static imports but lacks a direct import lookup API."",
        ""target"": ""shared.local_corpus.LocalCorpusIndex""
      },
      ""name"": ""local_corpus_import_query_v1"",
      ""started_at"": ""2026-05-26T07:52:20Z"",
      ""target_path"": ""shared/local_corpus.py"",
      ""test_path"": ""tests/test_local_corpus_import_query_rewrite.py""
    }
  ],
  ""active_base"": ""local_corpus_import_query_v1"",
  ""active_generation"": 2,
  ""broad_gate"": true,
  ""dry_run"": false,
  ""persistence"": true,
  ""rejected_this_run"": [],
  ""rollback"": true,
  ""state_path"": ""/tmp/rsi_experiments_fxqz75ve/local_corpus_queries_clean__verified_closed_loop/.omega_rsi_runs/closed_rsi_state.json"",
  ""thdse_core_gate"": true,
  ""total_accepted"": 2,
  ""total_rejected"": 0
}
",
local_corpus_queries_clean,agent_coding_loop,baseline_agent_coding_loop,Baseline: single-pass automated coding loop with validation but without persistent recursive depth.,0,18.549,1,0,1.0,0,,False,1,18.549,2,/tmp/rsi_experiments_fxqz75ve/local_corpus_queries_clean__agent_coding_loop/.omega_rsi_runs/closed_rsi_summary.json,"
          ""exit_code"": 0,
          ""label"": ""local_corpus_feature_query_v1_compile"",
          ""stderr_tail"": """",
          ""stdout_tail"": """",
          ""timed_out"": false
        },
        {
          ""args"": [
            ""/opt/hostedtoolcache/Python/3.11.15/x64/bin/python"",
            ""-m"",
            ""pytest"",
            ""-q"",
            ""--import-mode=importlib"",
            ""--maxfail=5"",
            ""--disable-warnings"",
            ""tests/test_local_corpus_feature_query_rewrite.py""
          ],
          ""cwd"": ""/tmp/rsi_experiments_fxqz75ve/local_corpus_queries_clean__agent_coding_loop"",
          ""elapsed_s"": 0.196,
          ""exit_code"": 0,
          ""label"": ""local_corpus_feature_query_v1_focused"",
          ""stderr_tail"": """",
          ""stdout_tail"": "".                                                                        [100%]\n1 passed in 0.02s\n"",
          ""timed_out"": false
        },
        {
          ""args"": [
            ""/opt/hostedtoolcache/Python/3.11.15/x64/bin/python"",
            ""-m"",
            ""pytest"",
            ""-q"",
            ""--import-mode=importlib"",
            ""--maxfail=20"",
            ""--disable-warnings"",
            ""tests""
          ],
          ""cwd"": ""/tmp/rsi_experiments_fxqz75ve/local_corpus_queries_clean__agent_coding_loop"",
          ""elapsed_s"": 12.721,
          ""exit_code"": 0,
          ""label"": ""local_corpus_feature_query_v1_root_broad"",
          ""stderr_tail"": """",
          ""stdout_tail"": ""........................................................................ [ 16%]\n........................................................................ [ 32%]\n........................................................................ [ 49%]\n......................................................s................. [ 65%]\n........................................................................ [ 82%]\n..............................................................s......... [ 98%]\n.....                                                                    [100%]\n435 passed, 4 skipped in 12.32s\n"",
          ""timed_out"": false
        },
        {
          ""args"": [
            ""/opt/hostedtoolcache/Python/3.11.15/x64/bin/python"",
            ""-m"",
            ""pytest"",
            ""-q"",
            ""--import-mode=importlib"",
            ""--maxfail=20"",
            ""--disable-warnings"",
            ""tests/test_execution_sandbox.py"",
            ""tests/test_adaptive_threshold.py"",
            ""tests/test_direct_io_scoring.py"",
            ""tests/test_structural_diff.py"",
            ""tests/test_batch_correlation.py""
          ],
          ""cwd"": ""/tmp/rsi_experiments_fxqz75ve/local_corpus_queries_clean__agent_coding_loop/thdse"",
          ""elapsed_s"": 5.541,
          ""exit_code"": 0,
          ""label"": ""local_corpus_feature_query_v1_thdse_core"",
          ""stderr_tail"": """",
          ""stdout_tail"": ""....................................                                     [100%]\n36 passed in 5.30s\n"",
          ""timed_out"": false
        }
      ],
      ""generation"": 1,
      ""goal"": {
        ""metric"": ""new query API plus focused regression test"",
        ""name"": ""make_local_corpus_queryable_by_feature"",
        ""rationale"": ""The corpus index already extracts feature flags but lacks a stable query API."",
        ""target"": ""shared.local_corpus.LocalCorpusIndex""
      },
      ""name"": ""local_corpus_feature_query_v1"",
      ""started_at"": ""2026-05-26T07:52:38Z"",
      ""target_path"": ""shared/local_corpus.py"",
      ""test_path"": ""tests/test_local_corpus_feature_query_rewrite.py""
    }
  ],
  ""active_base"": ""local_corpus_feature_query_v1"",
  ""active_generation"": 1,
  ""broad_gate"": true,
  ""dry_run"": false,
  ""persistence"": false,
  ""rejected_this_run"": [],
  ""rollback"": true,
  ""state_path"": ""/tmp/rsi_experiments_fxqz75ve/local_corpus_queries_clean__agent_coding_loop/.omega_rsi_runs/closed_rsi_state.json"",
  ""thdse_core_gate"": true,
  ""total_accepted"": 1,
  ""total_rejected"": 0
}
",
local_corpus_queries_clean,evolutionary_repair_loop,baseline_evolutionary_repair_loop,Baseline: retry candidate repair loop using focused validation without broad gates or persistent self-policy depth.,0,0.516,2,0,1.0,0,,False,2,0.516,3,/tmp/rsi_experiments_fxqz75ve/local_corpus_queries_clean__evolutionary_repair_loop/.omega_rsi_runs/closed_rsi_summary.json,"periments_fxqz75ve/local_corpus_queries_clean__evolutionary_repair_loop"",
          ""elapsed_s"": 0.033,
          ""exit_code"": 0,
          ""label"": ""local_corpus_feature_query_v1_compile"",
          ""stderr_tail"": """",
          ""stdout_tail"": """",
          ""timed_out"": false
        },
        {
          ""args"": [
            ""/opt/hostedtoolcache/Python/3.11.15/x64/bin/python"",
            ""-m"",
            ""pytest"",
            ""-q"",
            ""--import-mode=importlib"",
            ""--maxfail=5"",
            ""--disable-warnings"",
            ""tests/test_local_corpus_feature_query_rewrite.py""
          ],
          ""cwd"": ""/tmp/rsi_experiments_fxqz75ve/local_corpus_queries_clean__evolutionary_repair_loop"",
          ""elapsed_s"": 0.196,
          ""exit_code"": 0,
          ""label"": ""local_corpus_feature_query_v1_focused"",
          ""stderr_tail"": """",
          ""stdout_tail"": "".                                                                        [100%]\n1 passed in 0.02s\n"",
          ""timed_out"": false
        }
      ],
      ""generation"": 1,
      ""goal"": {
        ""metric"": ""new query API plus focused regression test"",
        ""name"": ""make_local_corpus_queryable_by_feature"",
        ""rationale"": ""The corpus index already extracts feature flags but lacks a stable query API."",
        ""target"": ""shared.local_corpus.LocalCorpusIndex""
      },
      ""name"": ""local_corpus_feature_query_v1"",
      ""started_at"": ""2026-05-26T07:52:57Z"",
      ""target_path"": ""shared/local_corpus.py"",
      ""test_path"": ""tests/test_local_corpus_feature_query_rewrite.py""
    },
    {
      ""accepted"": true,
      ""error"": """",
      ""extra_paths"": [],
      ""finished_at"": ""2026-05-26T07:52:57Z"",
      ""gates"": [
        {
          ""args"": [
            ""/opt/hostedtoolcache/Python/3.11.15/x64/bin/python"",
            ""-m"",
            ""py_compile"",
            ""shared/local_corpus.py"",
            ""tests/test_local_corpus_import_query_rewrite.py""
          ],
          ""cwd"": ""/tmp/rsi_experiments_fxqz75ve/local_corpus_queries_clean__evolutionary_repair_loop"",
          ""elapsed_s"": 0.033,
          ""exit_code"": 0,
          ""label"": ""local_corpus_import_query_v1_compile"",
          ""stderr_tail"": """",
          ""stdout_tail"": """",
          ""timed_out"": false
        },
        {
          ""args"": [
            ""/opt/hostedtoolcache/Python/3.11.15/x64/bin/python"",
            ""-m"",
            ""pytest"",
            ""-q"",
            ""--import-mode=importlib"",
            ""--maxfail=5"",
            ""--disable-warnings"",
            ""tests/test_local_corpus_import_query_rewrite.py""
          ],
          ""cwd"": ""/tmp/rsi_experiments_fxqz75ve/local_corpus_queries_clean__evolutionary_repair_loop"",
          ""elapsed_s"": 0.195,
          ""exit_code"": 0,
          ""label"": ""local_corpus_import_query_v1_focused"",
          ""stderr_tail"": """",
          ""stdout_tail"": "".                                                                        [100%]\n1 passed in 0.02s\n"",
          ""timed_out"": false
        }
      ],
      ""generation"": 2,
      ""goal"": {
        ""metric"": ""new import query API plus focused regression test"",
        ""name"": ""make_local_corpus_queryable_by_import"",
        ""rationale"": ""The corpus index stores static imports but lacks a direct import lookup API."",
        ""target"": ""shared.local_corpus.LocalCorpusIndex""
      },
      ""name"": ""local_corpus_import_query_v1"",
      ""started_at"": ""2026-05-26T07:52:57Z"",
      ""target_path"": ""shared/local_corpus.py"",
      ""test_path"": ""tests/test_local_corpus_import_query_rewrite.py""
    }
  ],
  ""active_base"": ""local_corpus_import_query_v1"",
  ""active_generation"": 2,
  ""broad_gate"": false,
  ""dry_run"": false,
  ""persistence"": false,
  ""rejected_this_run"": [],
  ""rollback"": true,
  ""state_path"": ""/tmp/rsi_experiments_fxqz75ve/local_corpus_queries_clean__evolutionary_repair_loop/.omega_rsi_runs/closed_rsi_state.json"",
  ""thdse_core_gate"": false,
  ""total_accepted"": 2,
  ""total_rejected"": 0
}
",
local_corpus_queries_clean,focused_only_loop,ablation_no_broad_gate,"Ablation: focused tests only, no broad regression gate.",0,0.516,2,0,1.0,0,,True,2,0.516,3,/tmp/rsi_experiments_fxqz75ve/local_corpus_queries_clean__focused_only_loop/.omega_rsi_runs/closed_rsi_summary.json,"    ],
          ""cwd"": ""/tmp/rsi_experiments_fxqz75ve/local_corpus_queries_clean__focused_only_loop"",
          ""elapsed_s"": 0.033,
          ""exit_code"": 0,
          ""label"": ""local_corpus_feature_query_v1_compile"",
          ""stderr_tail"": """",
          ""stdout_tail"": """",
          ""timed_out"": false
        },
        {
          ""args"": [
            ""/opt/hostedtoolcache/Python/3.11.15/x64/bin/python"",
            ""-m"",
            ""pytest"",
            ""-q"",
            ""--import-mode=importlib"",
            ""--maxfail=5"",
            ""--disable-warnings"",
            ""tests/test_local_corpus_feature_query_rewrite.py""
          ],
          ""cwd"": ""/tmp/rsi_experiments_fxqz75ve/local_corpus_queries_clean__focused_only_loop"",
          ""elapsed_s"": 0.197,
          ""exit_code"": 0,
          ""label"": ""local_corpus_feature_query_v1_focused"",
          ""stderr_tail"": """",
          ""stdout_tail"": "".                                                                        [100%]\n1 passed in 0.02s\n"",
          ""timed_out"": false
        }
      ],
      ""generation"": 1,
      ""goal"": {
        ""metric"": ""new query API plus focused regression test"",
        ""name"": ""make_local_corpus_queryable_by_feature"",
        ""rationale"": ""The corpus index already extracts feature flags but lacks a stable query API."",
        ""target"": ""shared.local_corpus.LocalCorpusIndex""
      },
      ""name"": ""local_corpus_feature_query_v1"",
      ""started_at"": ""2026-05-26T07:52:57Z"",
      ""target_path"": ""shared/local_corpus.py"",
      ""test_path"": ""tests/test_local_corpus_feature_query_rewrite.py""
    },
    {
      ""accepted"": true,
      ""error"": """",
      ""extra_paths"": [],
      ""finished_at"": ""2026-05-26T07:52:58Z"",
      ""gates"": [
        {
          ""args"": [
            ""/opt/hostedtoolcache/Python/3.11.15/x64/bin/python"",
            ""-m"",
            ""py_compile"",
            ""shared/local_corpus.py"",
            ""tests/test_local_corpus_import_query_rewrite.py""
          ],
          ""cwd"": ""/tmp/rsi_experiments_fxqz75ve/local_corpus_queries_clean__focused_only_loop"",
          ""elapsed_s"": 0.033,
          ""exit_code"": 0,
          ""label"": ""local_corpus_import_query_v1_compile"",
          ""stderr_tail"": """",
          ""stdout_tail"": """",
          ""timed_out"": false
        },
        {
          ""args"": [
            ""/opt/hostedtoolcache/Python/3.11.15/x64/bin/python"",
            ""-m"",
            ""pytest"",
            ""-q"",
            ""--import-mode=importlib"",
            ""--maxfail=5"",
            ""--disable-warnings"",
            ""tests/test_local_corpus_import_query_rewrite.py""
          ],
          ""cwd"": ""/tmp/rsi_experiments_fxqz75ve/local_corpus_queries_clean__focused_only_loop"",
          ""elapsed_s"": 0.194,
          ""exit_code"": 0,
          ""label"": ""local_corpus_import_query_v1_focused"",
          ""stderr_tail"": """",
          ""stdout_tail"": "".                                                                        [100%]\n1 passed in 0.02s\n"",
          ""timed_out"": false
        }
      ],
      ""generation"": 2,
      ""goal"": {
        ""metric"": ""new import query API plus focused regression test"",
        ""name"": ""make_local_corpus_queryable_by_import"",
        ""rationale"": ""The corpus index stores static imports but lacks a direct import lookup API."",
        ""target"": ""shared.local_corpus.LocalCorpusIndex""
      },
      ""name"": ""local_corpus_import_query_v1"",
      ""started_at"": ""2026-05-26T07:52:57Z"",
      ""target_path"": ""shared/local_corpus.py"",
      ""test_path"": ""tests/test_local_corpus_import_query_rewrite.py""
    }
  ],
  ""active_base"": ""local_corpus_import_query_v1"",
  ""active_generation"": 2,
  ""broad_gate"": false,
  ""dry_run"": false,
  ""persistence"": true,
  ""rejected_this_run"": [],
  ""rollback"": true,
  ""state_path"": ""/tmp/rsi_experiments_fxqz75ve/local_corpus_queries_clean__focused_only_loop/.omega_rsi_runs/closed_rsi_state.json"",
  ""thdse_core_gate"": false,
  ""total_accepted"": 2,
  ""total_rejected"": 0
}
",
local_corpus_queries_clean,no_thdse_core_gate,ablation_no_z3_thdse_gate,Ablation: root broad gate enabled but THDSE/Z3-focused core gate skipped.,0,25.385,2,0,1.0,0,,True,2,25.385,3,/tmp/rsi_experiments_fxqz75ve/local_corpus_queries_clean__no_thdse_core_gate/.omega_rsi_runs/closed_rsi_summary.json,"ueryable_by_feature"",
        ""rationale"": ""The corpus index already extracts feature flags but lacks a stable query API."",
        ""target"": ""shared.local_corpus.LocalCorpusIndex""
      },
      ""name"": ""local_corpus_feature_query_v1"",
      ""started_at"": ""2026-05-26T07:52:58Z"",
      ""target_path"": ""shared/local_corpus.py"",
      ""test_path"": ""tests/test_local_corpus_feature_query_rewrite.py""
    },
    {
      ""accepted"": true,
      ""error"": """",
      ""extra_paths"": [],
      ""finished_at"": ""2026-05-26T07:53:23Z"",
      ""gates"": [
        {
          ""args"": [
            ""/opt/hostedtoolcache/Python/3.11.15/x64/bin/python"",
            ""-m"",
            ""py_compile"",
            ""shared/local_corpus.py"",
            ""tests/test_local_corpus_import_query_rewrite.py""
          ],
          ""cwd"": ""/tmp/rsi_experiments_fxqz75ve/local_corpus_queries_clean__no_thdse_core_gate"",
          ""elapsed_s"": 0.034,
          ""exit_code"": 0,
          ""label"": ""local_corpus_import_query_v1_compile"",
          ""stderr_tail"": """",
          ""stdout_tail"": """",
          ""timed_out"": false
        },
        {
          ""args"": [
            ""/opt/hostedtoolcache/Python/3.11.15/x64/bin/python"",
            ""-m"",
            ""pytest"",
            ""-q"",
            ""--import-mode=importlib"",
            ""--maxfail=5"",
            ""--disable-warnings"",
            ""tests/test_local_corpus_import_query_rewrite.py""
          ],
          ""cwd"": ""/tmp/rsi_experiments_fxqz75ve/local_corpus_queries_clean__no_thdse_core_gate"",
          ""elapsed_s"": 0.197,
          ""exit_code"": 0,
          ""label"": ""local_corpus_import_query_v1_focused"",
          ""stderr_tail"": """",
          ""stdout_tail"": "".                                                                        [100%]\n1 passed in 0.02s\n"",
          ""timed_out"": false
        },
        {
          ""args"": [
            ""/opt/hostedtoolcache/Python/3.11.15/x64/bin/python"",
            ""-m"",
            ""pytest"",
            ""-q"",
            ""--import-mode=importlib"",
            ""--maxfail=20"",
            ""--disable-warnings"",
            ""tests""
          ],
          ""cwd"": ""/tmp/rsi_experiments_fxqz75ve/local_corpus_queries_clean__no_thdse_core_gate"",
          ""elapsed_s"": 12.056,
          ""exit_code"": 0,
          ""label"": ""local_corpus_import_query_v1_root_broad"",
          ""stderr_tail"": """",
          ""stdout_tail"": ""........................................................................ [ 16%]\n........................................................................ [ 32%]\n........................................................................ [ 49%]\n.......................................................s................ [ 65%]\n........................................................................ [ 82%]\n...............................................................s........ [ 98%]\n......                                                                   [100%]\n436 passed, 4 skipped in 11.66s\n"",
          ""timed_out"": false
        }
      ],
      ""generation"": 2,
      ""goal"": {
        ""metric"": ""new import query API plus focused regression test"",
        ""name"": ""make_local_corpus_queryable_by_import"",
        ""rationale"": ""The corpus index stores static imports but lacks a direct import lookup API."",
        ""target"": ""shared.local_corpus.LocalCorpusIndex""
      },
      ""name"": ""local_corpus_import_query_v1"",
      ""started_at"": ""2026-05-26T07:53:11Z"",
      ""target_path"": ""shared/local_corpus.py"",
      ""test_path"": ""tests/test_local_corpus_import_query_rewrite.py""
    }
  ],
  ""active_base"": ""local_corpus_import_query_v1"",
  ""active_generation"": 2,
  ""broad_gate"": true,
  ""dry_run"": false,
  ""persistence"": true,
  ""rejected_this_run"": [],
  ""rollback"": true,
  ""state_path"": ""/tmp/rsi_experiments_fxqz75ve/local_corpus_queries_clean__no_thdse_core_gate/.omega_rsi_runs/closed_rsi_state.json"",
  ""thdse_core_gate"": false,
  ""total_accepted"": 2,
  ""total_rejected"": 0
}
",
local_corpus_queries_clean,no_persistence,ablation_no_persistence,"Ablation: state is not persisted, so future runs cannot resume from accepted history.",0,36.524,2,0,1.0,0,,False,2,36.524,3,/tmp/rsi_experiments_fxqz75ve/local_corpus_queries_clean__no_persistence/.omega_rsi_runs/closed_rsi_summary.json,"psed_s"": 0.034,
          ""exit_code"": 0,
          ""label"": ""local_corpus_import_query_v1_compile"",
          ""stderr_tail"": """",
          ""stdout_tail"": """",
          ""timed_out"": false
        },
        {
          ""args"": [
            ""/opt/hostedtoolcache/Python/3.11.15/x64/bin/python"",
            ""-m"",
            ""pytest"",
            ""-q"",
            ""--import-mode=importlib"",
            ""--maxfail=5"",
            ""--disable-warnings"",
            ""tests/test_local_corpus_import_query_rewrite.py""
          ],
          ""cwd"": ""/tmp/rsi_experiments_fxqz75ve/local_corpus_queries_clean__no_persistence"",
          ""elapsed_s"": 0.197,
          ""exit_code"": 0,
          ""label"": ""local_corpus_import_query_v1_focused"",
          ""stderr_tail"": """",
          ""stdout_tail"": "".                                                                        [100%]\n1 passed in 0.02s\n"",
          ""timed_out"": false
        },
        {
          ""args"": [
            ""/opt/hostedtoolcache/Python/3.11.15/x64/bin/python"",
            ""-m"",
            ""pytest"",
            ""-q"",
            ""--import-mode=importlib"",
            ""--maxfail=20"",
            ""--disable-warnings"",
            ""tests""
          ],
          ""cwd"": ""/tmp/rsi_experiments_fxqz75ve/local_corpus_queries_clean__no_persistence"",
          ""elapsed_s"": 12.041,
          ""exit_code"": 0,
          ""label"": ""local_corpus_import_query_v1_root_broad"",
          ""stderr_tail"": """",
          ""stdout_tail"": ""........................................................................ [ 16%]\n........................................................................ [ 32%]\n........................................................................ [ 49%]\n.......................................................s................ [ 65%]\n........................................................................ [ 82%]\n...............................................................s........ [ 98%]\n......                                                                   [100%]\n436 passed, 4 skipped in 11.66s\n"",
          ""timed_out"": false
        },
        {
          ""args"": [
            ""/opt/hostedtoolcache/Python/3.11.15/x64/bin/python"",
            ""-m"",
            ""pytest"",
            ""-q"",
            ""--import-mode=importlib"",
            ""--maxfail=20"",
            ""--disable-warnings"",
            ""tests/test_execution_sandbox.py"",
            ""tests/test_adaptive_threshold.py"",
            ""tests/test_direct_io_scoring.py"",
            ""tests/test_structural_diff.py"",
            ""tests/test_batch_correlation.py""
          ],
          ""cwd"": ""/tmp/rsi_experiments_fxqz75ve/local_corpus_queries_clean__no_persistence/thdse"",
          ""elapsed_s"": 5.664,
          ""exit_code"": 0,
          ""label"": ""local_corpus_import_query_v1_thdse_core"",
          ""stderr_tail"": """",
          ""stdout_tail"": ""....................................                                     [100%]\n36 passed in 5.41s\n"",
          ""timed_out"": false
        }
      ],
      ""generation"": 2,
      ""goal"": {
        ""metric"": ""new import query API plus focused regression test"",
        ""name"": ""make_local_corpus_queryable_by_import"",
        ""rationale"": ""The corpus index stores static imports but lacks a direct import lookup API."",
        ""target"": ""shared.local_corpus.LocalCorpusIndex""
      },
      ""name"": ""local_corpus_import_query_v1"",
      ""started_at"": ""2026-05-26T07:53:42Z"",
      ""target_path"": ""shared/local_corpus.py"",
      ""test_path"": ""tests/test_local_corpus_import_query_rewrite.py""
    }
  ],
  ""active_base"": ""local_corpus_import_query_v1"",
  ""active_generation"": 2,
  ""broad_gate"": true,
  ""dry_run"": false,
  ""persistence"": false,
  ""rejected_this_run"": [],
  ""rollback"": true,
  ""state_path"": ""/tmp/rsi_experiments_fxqz75ve/local_corpus_queries_clean__no_persistence/.omega_rsi_runs/closed_rsi_state.json"",
  ""thdse_core_gate"": true,
  ""total_accepted"": 2,
  ""total_rejected"": 0
}
",
local_corpus_queries_clean,no_rollback,ablation_no_rollback,Ablation: rejected candidates are intentionally left in disposable copies.,0,36.42,2,0,1.0,0,,True,2,36.42,3,/tmp/rsi_experiments_fxqz75ve/local_corpus_queries_clean__no_rollback/.omega_rsi_runs/closed_rsi_summary.json,"         ""elapsed_s"": 0.033,
          ""exit_code"": 0,
          ""label"": ""local_corpus_import_query_v1_compile"",
          ""stderr_tail"": """",
          ""stdout_tail"": """",
          ""timed_out"": false
        },
        {
          ""args"": [
            ""/opt/hostedtoolcache/Python/3.11.15/x64/bin/python"",
            ""-m"",
            ""pytest"",
            ""-q"",
            ""--import-mode=importlib"",
            ""--maxfail=5"",
            ""--disable-warnings"",
            ""tests/test_local_corpus_import_query_rewrite.py""
          ],
          ""cwd"": ""/tmp/rsi_experiments_fxqz75ve/local_corpus_queries_clean__no_rollback"",
          ""elapsed_s"": 0.197,
          ""exit_code"": 0,
          ""label"": ""local_corpus_import_query_v1_focused"",
          ""stderr_tail"": """",
          ""stdout_tail"": "".                                                                        [100%]\n1 passed in 0.02s\n"",
          ""timed_out"": false
        },
        {
          ""args"": [
            ""/opt/hostedtoolcache/Python/3.11.15/x64/bin/python"",
            ""-m"",
            ""pytest"",
            ""-q"",
            ""--import-mode=importlib"",
            ""--maxfail=20"",
            ""--disable-warnings"",
            ""tests""
          ],
          ""cwd"": ""/tmp/rsi_experiments_fxqz75ve/local_corpus_queries_clean__no_rollback"",
          ""elapsed_s"": 12.099,
          ""exit_code"": 0,
          ""label"": ""local_corpus_import_query_v1_root_broad"",
          ""stderr_tail"": """",
          ""stdout_tail"": ""........................................................................ [ 16%]\n........................................................................ [ 32%]\n........................................................................ [ 49%]\n.......................................................s................ [ 65%]\n........................................................................ [ 82%]\n...............................................................s........ [ 98%]\n......                                                                   [100%]\n436 passed, 4 skipped in 11.70s\n"",
          ""timed_out"": false
        },
        {
          ""args"": [
            ""/opt/hostedtoolcache/Python/3.11.15/x64/bin/python"",
            ""-m"",
            ""pytest"",
            ""-q"",
            ""--import-mode=importlib"",
            ""--maxfail=20"",
            ""--disable-warnings"",
            ""tests/test_execution_sandbox.py"",
            ""tests/test_adaptive_threshold.py"",
            ""tests/test_direct_io_scoring.py"",
            ""tests/test_structural_diff.py"",
            ""tests/test_batch_correlation.py""
          ],
          ""cwd"": ""/tmp/rsi_experiments_fxqz75ve/local_corpus_queries_clean__no_rollback/thdse"",
          ""elapsed_s"": 5.46,
          ""exit_code"": 0,
          ""label"": ""local_corpus_import_query_v1_thdse_core"",
          ""stderr_tail"": """",
          ""stdout_tail"": ""....................................                                     [100%]\n36 passed in 5.22s\n"",
          ""timed_out"": false
        }
      ],
      ""generation"": 2,
      ""goal"": {
        ""metric"": ""new import query API plus focused regression test"",
        ""name"": ""make_local_corpus_queryable_by_import"",
        ""rationale"": ""The corpus index stores static imports but lacks a direct import lookup API."",
        ""target"": ""shared.local_corpus.LocalCorpusIndex""
      },
      ""name"": ""local_corpus_import_query_v1"",
      ""started_at"": ""2026-05-26T07:54:18Z"",
      ""target_path"": ""shared/local_corpus.py"",
      ""test_path"": ""tests/test_local_corpus_import_query_rewrite.py""
    }
  ],
  ""active_base"": ""local_corpus_import_query_v1"",
  ""active_generation"": 2,
  ""broad_gate"": true,
  ""dry_run"": false,
  ""persistence"": true,
  ""rejected_this_run"": [],
  ""rollback"": false,
  ""state_path"": ""/tmp/rsi_experiments_fxqz75ve/local_corpus_queries_clean__no_rollback/.omega_rsi_runs/closed_rsi_state.json"",
  ""thdse_core_gate"": true,
  ""total_accepted"": 2,
  ""total_rejected"": 0
}
",
local_corpus_queries_clean,ci_only_validation,baseline_ci_only,Baseline: run validation without candidate generation or code patching.,0,12.878,0,0,0.0,0,,False,0,12.878,0,/tmp/rsi_experiments_fxqz75ve/local_corpus_queries_clean__ci_only_validation/.omega_rsi_runs/closed_rsi_summary.json,"........................................................................ [ 16%]
........................................................................ [ 33%]
........................................................................ [ 49%]
.....................................................s.................. [ 66%]
........................................................................ [ 82%]
.............................................................s.......... [ 99%]
....                                                                     [100%]
434 passed, 4 skipped in 12.42s
",
policy_registry_self_patch,verified_closed_loop,proposed,"Full loop: candidate generation, patching, rollback, persistence, root broad gate, and THDSE core gate.",0,18.813,1,0,1.0,0,,True,1,18.813,3,/tmp/rsi_experiments_fxqz75ve/policy_registry_self_patch__verified_closed_loop/.omega_rsi_runs/closed_rsi_summary.json,"mpile"",
          ""stderr_tail"": """",
          ""stdout_tail"": """",
          ""timed_out"": false
        },
        {
          ""args"": [
            ""/opt/hostedtoolcache/Python/3.11.15/x64/bin/python"",
            ""-m"",
            ""pytest"",
            ""-q"",
            ""--import-mode=importlib"",
            ""--maxfail=5"",
            ""--disable-warnings"",
            ""tests/test_rsi_policy_registry_rewrite.py""
          ],
          ""cwd"": ""/tmp/rsi_experiments_fxqz75ve/policy_registry_self_patch__verified_closed_loop"",
          ""elapsed_s"": 0.208,
          ""exit_code"": 0,
          ""label"": ""loop_policy_registry_v1_focused"",
          ""stderr_tail"": """",
          ""stdout_tail"": ""..                                                                       [100%]\n2 passed in 0.02s\n"",
          ""timed_out"": false
        },
        {
          ""args"": [
            ""/opt/hostedtoolcache/Python/3.11.15/x64/bin/python"",
            ""-m"",
            ""pytest"",
            ""-q"",
            ""--import-mode=importlib"",
            ""--maxfail=20"",
            ""--disable-warnings"",
            ""tests""
          ],
          ""cwd"": ""/tmp/rsi_experiments_fxqz75ve/policy_registry_self_patch__verified_closed_loop"",
          ""elapsed_s"": 12.969,
          ""exit_code"": 0,
          ""label"": ""loop_policy_registry_v1_root_broad"",
          ""stderr_tail"": """",
          ""stdout_tail"": ""........................................................................ [ 16%]\n........................................................................ [ 32%]\n........................................................................ [ 49%]\n.......................................................s................ [ 65%]\n........................................................................ [ 82%]\n...............................................................s........ [ 98%]\n......                                                                   [100%]\n436 passed, 4 skipped in 12.55s\n"",
          ""timed_out"": false
        },
        {
          ""args"": [
            ""/opt/hostedtoolcache/Python/3.11.15/x64/bin/python"",
            ""-m"",
            ""pytest"",
            ""-q"",
            ""--import-mode=importlib"",
            ""--maxfail=20"",
            ""--disable-warnings"",
            ""tests/test_execution_sandbox.py"",
            ""tests/test_adaptive_threshold.py"",
            ""tests/test_direct_io_scoring.py"",
            ""tests/test_structural_diff.py"",
            ""tests/test_batch_correlation.py""
          ],
          ""cwd"": ""/tmp/rsi_experiments_fxqz75ve/policy_registry_self_patch__verified_closed_loop/thdse"",
          ""elapsed_s"": 5.542,
          ""exit_code"": 0,
          ""label"": ""loop_policy_registry_v1_thdse_core"",
          ""stderr_tail"": """",
          ""stdout_tail"": ""....................................                                     [100%]\n36 passed in 5.31s\n"",
          ""timed_out"": false
        }
      ],
      ""generation"": 1,
      ""goal"": {
        ""metric"": ""self-patchable policy registry plus focused regression test"",
        ""name"": ""make_generator_policy_surface_explicit"",
        ""rationale"": ""The loop can promote source candidates, but it needs a measurable policy surface for generator, validator, patch, and safety ablations."",
        ""target"": ""scripts.closed_recursive_self_improvement_loop""
      },
      ""name"": ""loop_policy_registry_v1"",
      ""started_at"": ""2026-05-26T07:54:49Z"",
      ""target_path"": ""scripts/closed_recursive_self_improvement_loop.py"",
      ""test_path"": ""tests/test_rsi_policy_registry_rewrite.py""
    }
  ],
  ""active_base"": ""loop_policy_registry_v1"",
  ""active_generation"": 1,
  ""broad_gate"": true,
  ""dry_run"": false,
  ""persistence"": true,
  ""rejected_this_run"": [],
  ""rollback"": true,
  ""state_path"": ""/tmp/rsi_experiments_fxqz75ve/policy_registry_self_patch__verified_closed_loop/.omega_rsi_runs/closed_rsi_state.json"",
  ""thdse_core_gate"": true,
  ""total_accepted"": 1,
  ""total_rejected"": 0
}
",
policy_registry_self_patch,agent_coding_loop,baseline_agent_coding_loop,Baseline: single-pass automated coding loop with validation but without persistent recursive depth.,0,18.595,1,0,1.0,0,,False,1,18.595,3,/tmp/rsi_experiments_fxqz75ve/policy_registry_self_patch__agent_coding_loop/.omega_rsi_runs/closed_rsi_summary.json,"istry_v1_compile"",
          ""stderr_tail"": """",
          ""stdout_tail"": """",
          ""timed_out"": false
        },
        {
          ""args"": [
            ""/opt/hostedtoolcache/Python/3.11.15/x64/bin/python"",
            ""-m"",
            ""pytest"",
            ""-q"",
            ""--import-mode=importlib"",
            ""--maxfail=5"",
            ""--disable-warnings"",
            ""tests/test_rsi_policy_registry_rewrite.py""
          ],
          ""cwd"": ""/tmp/rsi_experiments_fxqz75ve/policy_registry_self_patch__agent_coding_loop"",
          ""elapsed_s"": 0.203,
          ""exit_code"": 0,
          ""label"": ""loop_policy_registry_v1_focused"",
          ""stderr_tail"": """",
          ""stdout_tail"": ""..                                                                       [100%]\n2 passed in 0.02s\n"",
          ""timed_out"": false
        },
        {
          ""args"": [
            ""/opt/hostedtoolcache/Python/3.11.15/x64/bin/python"",
            ""-m"",
            ""pytest"",
            ""-q"",
            ""--import-mode=importlib"",
            ""--maxfail=20"",
            ""--disable-warnings"",
            ""tests""
          ],
          ""cwd"": ""/tmp/rsi_experiments_fxqz75ve/policy_registry_self_patch__agent_coding_loop"",
          ""elapsed_s"": 12.737,
          ""exit_code"": 0,
          ""label"": ""loop_policy_registry_v1_root_broad"",
          ""stderr_tail"": """",
          ""stdout_tail"": ""........................................................................ [ 16%]\n........................................................................ [ 32%]\n........................................................................ [ 49%]\n.......................................................s................ [ 65%]\n........................................................................ [ 82%]\n...............................................................s........ [ 98%]\n......                                                                   [100%]\n436 passed, 4 skipped in 12.34s\n"",
          ""timed_out"": false
        },
        {
          ""args"": [
            ""/opt/hostedtoolcache/Python/3.11.15/x64/bin/python"",
            ""-m"",
            ""pytest"",
            ""-q"",
            ""--import-mode=importlib"",
            ""--maxfail=20"",
            ""--disable-warnings"",
            ""tests/test_execution_sandbox.py"",
            ""tests/test_adaptive_threshold.py"",
            ""tests/test_direct_io_scoring.py"",
            ""tests/test_structural_diff.py"",
            ""tests/test_batch_correlation.py""
          ],
          ""cwd"": ""/tmp/rsi_experiments_fxqz75ve/policy_registry_self_patch__agent_coding_loop/thdse"",
          ""elapsed_s"": 5.564,
          ""exit_code"": 0,
          ""label"": ""loop_policy_registry_v1_thdse_core"",
          ""stderr_tail"": """",
          ""stdout_tail"": ""....................................                                     [100%]\n36 passed in 5.31s\n"",
          ""timed_out"": false
        }
      ],
      ""generation"": 1,
      ""goal"": {
        ""metric"": ""self-patchable policy registry plus focused regression test"",
        ""name"": ""make_generator_policy_surface_explicit"",
        ""rationale"": ""The loop can promote source candidates, but it needs a measurable policy surface for generator, validator, patch, and safety ablations."",
        ""target"": ""scripts.closed_recursive_self_improvement_loop""
      },
      ""name"": ""loop_policy_registry_v1"",
      ""started_at"": ""2026-05-26T07:55:08Z"",
      ""target_path"": ""scripts/closed_recursive_self_improvement_loop.py"",
      ""test_path"": ""tests/test_rsi_policy_registry_rewrite.py""
    }
  ],
  ""active_base"": ""loop_policy_registry_v1"",
  ""active_generation"": 1,
  ""broad_gate"": true,
  ""dry_run"": false,
  ""persistence"": false,
  ""rejected_this_run"": [],
  ""rollback"": true,
  ""state_path"": ""/tmp/rsi_experiments_fxqz75ve/policy_registry_self_patch__agent_coding_loop/.omega_rsi_runs/closed_rsi_state.json"",
  ""thdse_core_gate"": true,
  ""total_accepted"": 1,
  ""total_rejected"": 0
}
",
policy_registry_self_patch,evolutionary_repair_loop,baseline_evolutionary_repair_loop,Baseline: retry candidate repair loop using focused validation without broad gates or persistent self-policy depth.,0,0.301,1,0,1.0,0,,False,1,0.301,3,/tmp/rsi_experiments_fxqz75ve/policy_registry_self_patch__evolutionary_repair_loop/.omega_rsi_runs/closed_rsi_summary.json,"{
  ""accepted_this_run"": [
    {
      ""accepted"": true,
      ""error"": """",
      ""extra_paths"": [
        ""scripts/rsi_policy_registry.py""
      ],
      ""finished_at"": ""2026-05-26T07:55:27Z"",
      ""gates"": [
        {
          ""args"": [
            ""/opt/hostedtoolcache/Python/3.11.15/x64/bin/python"",
            ""-m"",
            ""py_compile"",
            ""scripts/closed_recursive_self_improvement_loop.py"",
            ""tests/test_rsi_policy_registry_rewrite.py"",
            ""scripts/rsi_policy_registry.py""
          ],
          ""cwd"": ""/tmp/rsi_experiments_fxqz75ve/policy_registry_self_patch__evolutionary_repair_loop"",
          ""elapsed_s"": 0.036,
          ""exit_code"": 0,
          ""label"": ""loop_policy_registry_v1_compile"",
          ""stderr_tail"": """",
          ""stdout_tail"": """",
          ""timed_out"": false
        },
        {
          ""args"": [
            ""/opt/hostedtoolcache/Python/3.11.15/x64/bin/python"",
            ""-m"",
            ""pytest"",
            ""-q"",
            ""--import-mode=importlib"",
            ""--maxfail=5"",
            ""--disable-warnings"",
            ""tests/test_rsi_policy_registry_rewrite.py""
          ],
          ""cwd"": ""/tmp/rsi_experiments_fxqz75ve/policy_registry_self_patch__evolutionary_repair_loop"",
          ""elapsed_s"": 0.208,
          ""exit_code"": 0,
          ""label"": ""loop_policy_registry_v1_focused"",
          ""stderr_tail"": """",
          ""stdout_tail"": ""..                                                                       [100%]\n2 passed in 0.02s\n"",
          ""timed_out"": false
        }
      ],
      ""generation"": 1,
      ""goal"": {
        ""metric"": ""self-patchable policy registry plus focused regression test"",
        ""name"": ""make_generator_policy_surface_explicit"",
        ""rationale"": ""The loop can promote source candidates, but it needs a measurable policy surface for generator, validator, patch, and safety ablations."",
        ""target"": ""scripts.closed_recursive_self_improvement_loop""
      },
      ""name"": ""loop_policy_registry_v1"",
      ""started_at"": ""2026-05-26T07:55:27Z"",
      ""target_path"": ""scripts/closed_recursive_self_improvement_loop.py"",
      ""test_path"": ""tests/test_rsi_policy_registry_rewrite.py""
    }
  ],
  ""active_base"": ""loop_policy_registry_v1"",
  ""active_generation"": 1,
  ""broad_gate"": false,
  ""dry_run"": false,
  ""persistence"": false,
  ""rejected_this_run"": [],
  ""rollback"": true,
  ""state_path"": ""/tmp/rsi_experiments_fxqz75ve/policy_registry_self_patch__evolutionary_repair_loop/.omega_rsi_runs/closed_rsi_state.json"",
  ""thdse_core_gate"": false,
  ""total_accepted"": 1,
  ""total_rejected"": 0
}
",
policy_registry_self_patch,focused_only_loop,ablation_no_broad_gate,"Ablation: focused tests only, no broad regression gate.",0,0.296,1,0,1.0,0,,True,1,0.296,3,/tmp/rsi_experiments_fxqz75ve/policy_registry_self_patch__focused_only_loop/.omega_rsi_runs/closed_rsi_summary.json,"{
  ""accepted_this_run"": [
    {
      ""accepted"": true,
      ""error"": """",
      ""extra_paths"": [
        ""scripts/rsi_policy_registry.py""
      ],
      ""finished_at"": ""2026-05-26T07:55:27Z"",
      ""gates"": [
        {
          ""args"": [
            ""/opt/hostedtoolcache/Python/3.11.15/x64/bin/python"",
            ""-m"",
            ""py_compile"",
            ""scripts/closed_recursive_self_improvement_loop.py"",
            ""tests/test_rsi_policy_registry_rewrite.py"",
            ""scripts/rsi_policy_registry.py""
          ],
          ""cwd"": ""/tmp/rsi_experiments_fxqz75ve/policy_registry_self_patch__focused_only_loop"",
          ""elapsed_s"": 0.036,
          ""exit_code"": 0,
          ""label"": ""loop_policy_registry_v1_compile"",
          ""stderr_tail"": """",
          ""stdout_tail"": """",
          ""timed_out"": false
        },
        {
          ""args"": [
            ""/opt/hostedtoolcache/Python/3.11.15/x64/bin/python"",
            ""-m"",
            ""pytest"",
            ""-q"",
            ""--import-mode=importlib"",
            ""--maxfail=5"",
            ""--disable-warnings"",
            ""tests/test_rsi_policy_registry_rewrite.py""
          ],
          ""cwd"": ""/tmp/rsi_experiments_fxqz75ve/policy_registry_self_patch__focused_only_loop"",
          ""elapsed_s"": 0.204,
          ""exit_code"": 0,
          ""label"": ""loop_policy_registry_v1_focused"",
          ""stderr_tail"": """",
          ""stdout_tail"": ""..                                                                       [100%]\n2 passed in 0.02s\n"",
          ""timed_out"": false
        }
      ],
      ""generation"": 1,
      ""goal"": {
        ""metric"": ""self-patchable policy registry plus focused regression test"",
        ""name"": ""make_generator_policy_surface_explicit"",
        ""rationale"": ""The loop can promote source candidates, but it needs a measurable policy surface for generator, validator, patch, and safety ablations."",
        ""target"": ""scripts.closed_recursive_self_improvement_loop""
      },
      ""name"": ""loop_policy_registry_v1"",
      ""started_at"": ""2026-05-26T07:55:27Z"",
      ""target_path"": ""scripts/closed_recursive_self_improvement_loop.py"",
      ""test_path"": ""tests/test_rsi_policy_registry_rewrite.py""
    }
  ],
  ""active_base"": ""loop_policy_registry_v1"",
  ""active_generation"": 1,
  ""broad_gate"": false,
  ""dry_run"": false,
  ""persistence"": true,
  ""rejected_this_run"": [],
  ""rollback"": true,
  ""state_path"": ""/tmp/rsi_experiments_fxqz75ve/policy_registry_self_patch__focused_only_loop/.omega_rsi_runs/closed_rsi_state.json"",
  ""thdse_core_gate"": false,
  ""total_accepted"": 1,
  ""total_rejected"": 0
}
",
policy_registry_self_patch,no_thdse_core_gate,ablation_no_z3_thdse_gate,Ablation: root broad gate enabled but THDSE/Z3-focused core gate skipped.,0,13.127,1,0,1.0,0,,True,1,13.127,3,/tmp/rsi_experiments_fxqz75ve/policy_registry_self_patch__no_thdse_core_gate/.omega_rsi_runs/closed_rsi_summary.json,"{
  ""accepted_this_run"": [
    {
      ""accepted"": true,
      ""error"": """",
      ""extra_paths"": [
        ""scripts/rsi_policy_registry.py""
      ],
      ""finished_at"": ""2026-05-26T07:55:41Z"",
      ""gates"": [
        {
          ""args"": [
            ""/opt/hostedtoolcache/Python/3.11.15/x64/bin/python"",
            ""-m"",
            ""py_compile"",
            ""scripts/closed_recursive_self_improvement_loop.py"",
            ""tests/test_rsi_policy_registry_rewrite.py"",
            ""scripts/rsi_policy_registry.py""
          ],
          ""cwd"": ""/tmp/rsi_experiments_fxqz75ve/policy_registry_self_patch__no_thdse_core_gate"",
          ""elapsed_s"": 0.036,
          ""exit_code"": 0,
          ""label"": ""loop_policy_registry_v1_compile"",
          ""stderr_tail"": """",
          ""stdout_tail"": """",
          ""timed_out"": false
        },
        {
          ""args"": [
            ""/opt/hostedtoolcache/Python/3.11.15/x64/bin/python"",
            ""-m"",
            ""pytest"",
            ""-q"",
            ""--import-mode=importlib"",
            ""--maxfail=5"",
            ""--disable-warnings"",
            ""tests/test_rsi_policy_registry_rewrite.py""
          ],
          ""cwd"": ""/tmp/rsi_experiments_fxqz75ve/policy_registry_self_patch__no_thdse_core_gate"",
          ""elapsed_s"": 0.208,
          ""exit_code"": 0,
          ""label"": ""loop_policy_registry_v1_focused"",
          ""stderr_tail"": """",
          ""stdout_tail"": ""..                                                                       [100%]\n2 passed in 0.02s\n"",
          ""timed_out"": false
        },
        {
          ""args"": [
            ""/opt/hostedtoolcache/Python/3.11.15/x64/bin/python"",
            ""-m"",
            ""pytest"",
            ""-q"",
            ""--import-mode=importlib"",
            ""--maxfail=20"",
            ""--disable-warnings"",
            ""tests""
          ],
          ""cwd"": ""/tmp/rsi_experiments_fxqz75ve/policy_registry_self_patch__no_thdse_core_gate"",
          ""elapsed_s"": 12.823,
          ""exit_code"": 0,
          ""label"": ""loop_policy_registry_v1_root_broad"",
          ""stderr_tail"": """",
          ""stdout_tail"": ""........................................................................ [ 16%]\n........................................................................ [ 32%]\n........................................................................ [ 49%]\n.......................................................s................ [ 65%]\n........................................................................ [ 82%]\n...............................................................s........ [ 98%]\n......                                                                   [100%]\n436 passed, 4 skipped in 12.43s\n"",
          ""timed_out"": false
        }
      ],
      ""generation"": 1,
      ""goal"": {
        ""metric"": ""self-patchable policy registry plus focused regression test"",
        ""name"": ""make_generator_policy_surface_explicit"",
        ""rationale"": ""The loop can promote source candidates, but it needs a measurable policy surface for generator, validator, patch, and safety ablations."",
        ""target"": ""scripts.closed_recursive_self_improvement_loop""
      },
      ""name"": ""loop_policy_registry_v1"",
      ""started_at"": ""2026-05-26T07:55:28Z"",
      ""target_path"": ""scripts/closed_recursive_self_improvement_loop.py"",
      ""test_path"": ""tests/test_rsi_policy_registry_rewrite.py""
    }
  ],
  ""active_base"": ""loop_policy_registry_v1"",
  ""active_generation"": 1,
  ""broad_gate"": true,
  ""dry_run"": false,
  ""persistence"": true,
  ""rejected_this_run"": [],
  ""rollback"": true,
  ""state_path"": ""/tmp/rsi_experiments_fxqz75ve/policy_registry_self_patch__no_thdse_core_gate/.omega_rsi_runs/closed_rsi_state.json"",
  ""thdse_core_gate"": false,
  ""total_accepted"": 1,
  ""total_rejected"": 0
}
",
policy_registry_self_patch,no_persistence,ablation_no_persistence,"Ablation: state is not persisted, so future runs cannot resume from accepted history.",0,18.596,1,0,1.0,0,,False,1,18.596,3,/tmp/rsi_experiments_fxqz75ve/policy_registry_self_patch__no_persistence/.omega_rsi_runs/closed_rsi_summary.json,"p_policy_registry_v1_compile"",
          ""stderr_tail"": """",
          ""stdout_tail"": """",
          ""timed_out"": false
        },
        {
          ""args"": [
            ""/opt/hostedtoolcache/Python/3.11.15/x64/bin/python"",
            ""-m"",
            ""pytest"",
            ""-q"",
            ""--import-mode=importlib"",
            ""--maxfail=5"",
            ""--disable-warnings"",
            ""tests/test_rsi_policy_registry_rewrite.py""
          ],
          ""cwd"": ""/tmp/rsi_experiments_fxqz75ve/policy_registry_self_patch__no_persistence"",
          ""elapsed_s"": 0.198,
          ""exit_code"": 0,
          ""label"": ""loop_policy_registry_v1_focused"",
          ""stderr_tail"": """",
          ""stdout_tail"": ""..                                                                       [100%]\n2 passed in 0.02s\n"",
          ""timed_out"": false
        },
        {
          ""args"": [
            ""/opt/hostedtoolcache/Python/3.11.15/x64/bin/python"",
            ""-m"",
            ""pytest"",
            ""-q"",
            ""--import-mode=importlib"",
            ""--maxfail=20"",
            ""--disable-warnings"",
            ""tests""
          ],
          ""cwd"": ""/tmp/rsi_experiments_fxqz75ve/policy_registry_self_patch__no_persistence"",
          ""elapsed_s"": 12.738,
          ""exit_code"": 0,
          ""label"": ""loop_policy_registry_v1_root_broad"",
          ""stderr_tail"": """",
          ""stdout_tail"": ""........................................................................ [ 16%]\n........................................................................ [ 32%]\n........................................................................ [ 49%]\n.......................................................s................ [ 65%]\n........................................................................ [ 82%]\n...............................................................s........ [ 98%]\n......                                                                   [100%]\n436 passed, 4 skipped in 12.35s\n"",
          ""timed_out"": false
        },
        {
          ""args"": [
            ""/opt/hostedtoolcache/Python/3.11.15/x64/bin/python"",
            ""-m"",
            ""pytest"",
            ""-q"",
            ""--import-mode=importlib"",
            ""--maxfail=20"",
            ""--disable-warnings"",
            ""tests/test_execution_sandbox.py"",
            ""tests/test_adaptive_threshold.py"",
            ""tests/test_direct_io_scoring.py"",
            ""tests/test_structural_diff.py"",
            ""tests/test_batch_correlation.py""
          ],
          ""cwd"": ""/tmp/rsi_experiments_fxqz75ve/policy_registry_self_patch__no_persistence/thdse"",
          ""elapsed_s"": 5.567,
          ""exit_code"": 0,
          ""label"": ""loop_policy_registry_v1_thdse_core"",
          ""stderr_tail"": """",
          ""stdout_tail"": ""....................................                                     [100%]\n36 passed in 5.32s\n"",
          ""timed_out"": false
        }
      ],
      ""generation"": 1,
      ""goal"": {
        ""metric"": ""self-patchable policy registry plus focused regression test"",
        ""name"": ""make_generator_policy_surface_explicit"",
        ""rationale"": ""The loop can promote source candidates, but it needs a measurable policy surface for generator, validator, patch, and safety ablations."",
        ""target"": ""scripts.closed_recursive_self_improvement_loop""
      },
      ""name"": ""loop_policy_registry_v1"",
      ""started_at"": ""2026-05-26T07:55:41Z"",
      ""target_path"": ""scripts/closed_recursive_self_improvement_loop.py"",
      ""test_path"": ""tests/test_rsi_policy_registry_rewrite.py""
    }
  ],
  ""active_base"": ""loop_policy_registry_v1"",
  ""active_generation"": 1,
  ""broad_gate"": true,
  ""dry_run"": false,
  ""persistence"": false,
  ""rejected_this_run"": [],
  ""rollback"": true,
  ""state_path"": ""/tmp/rsi_experiments_fxqz75ve/policy_registry_self_patch__no_persistence/.omega_rsi_runs/closed_rsi_state.json"",
  ""thdse_core_gate"": true,
  ""total_accepted"": 1,
  ""total_rejected"": 0
}
",
policy_registry_self_patch,no_rollback,ablation_no_rollback,Ablation: rejected candidates are intentionally left in disposable copies.,0,18.636,1,0,1.0,0,,True,1,18.636,3,/tmp/rsi_experiments_fxqz75ve/policy_registry_self_patch__no_rollback/.omega_rsi_runs/closed_rsi_summary.json,"label"": ""loop_policy_registry_v1_compile"",
          ""stderr_tail"": """",
          ""stdout_tail"": """",
          ""timed_out"": false
        },
        {
          ""args"": [
            ""/opt/hostedtoolcache/Python/3.11.15/x64/bin/python"",
            ""-m"",
            ""pytest"",
            ""-q"",
            ""--import-mode=importlib"",
            ""--maxfail=5"",
            ""--disable-warnings"",
            ""tests/test_rsi_policy_registry_rewrite.py""
          ],
          ""cwd"": ""/tmp/rsi_experiments_fxqz75ve/policy_registry_self_patch__no_rollback"",
          ""elapsed_s"": 0.206,
          ""exit_code"": 0,
          ""label"": ""loop_policy_registry_v1_focused"",
          ""stderr_tail"": """",
          ""stdout_tail"": ""..                                                                       [100%]\n2 passed in 0.02s\n"",
          ""timed_out"": false
        },
        {
          ""args"": [
            ""/opt/hostedtoolcache/Python/3.11.15/x64/bin/python"",
            ""-m"",
            ""pytest"",
            ""-q"",
            ""--import-mode=importlib"",
            ""--maxfail=20"",
            ""--disable-warnings"",
            ""tests""
          ],
          ""cwd"": ""/tmp/rsi_experiments_fxqz75ve/policy_registry_self_patch__no_rollback"",
          ""elapsed_s"": 12.793,
          ""exit_code"": 0,
          ""label"": ""loop_policy_registry_v1_root_broad"",
          ""stderr_tail"": """",
          ""stdout_tail"": ""........................................................................ [ 16%]\n........................................................................ [ 32%]\n........................................................................ [ 49%]\n.......................................................s................ [ 65%]\n........................................................................ [ 82%]\n...............................................................s........ [ 98%]\n......                                                                   [100%]\n436 passed, 4 skipped in 12.40s\n"",
          ""timed_out"": false
        },
        {
          ""args"": [
            ""/opt/hostedtoolcache/Python/3.11.15/x64/bin/python"",
            ""-m"",
            ""pytest"",
            ""-q"",
            ""--import-mode=importlib"",
            ""--maxfail=20"",
            ""--disable-warnings"",
            ""tests/test_execution_sandbox.py"",
            ""tests/test_adaptive_threshold.py"",
            ""tests/test_direct_io_scoring.py"",
            ""tests/test_structural_diff.py"",
            ""tests/test_batch_correlation.py""
          ],
          ""cwd"": ""/tmp/rsi_experiments_fxqz75ve/policy_registry_self_patch__no_rollback/thdse"",
          ""elapsed_s"": 5.544,
          ""exit_code"": 0,
          ""label"": ""loop_policy_registry_v1_thdse_core"",
          ""stderr_tail"": """",
          ""stdout_tail"": ""....................................                                     [100%]\n36 passed in 5.31s\n"",
          ""timed_out"": false
        }
      ],
      ""generation"": 1,
      ""goal"": {
        ""metric"": ""self-patchable policy registry plus focused regression test"",
        ""name"": ""make_generator_policy_surface_explicit"",
        ""rationale"": ""The loop can promote source candidates, but it needs a measurable policy surface for generator, validator, patch, and safety ablations."",
        ""target"": ""scripts.closed_recursive_self_improvement_loop""
      },
      ""name"": ""loop_policy_registry_v1"",
      ""started_at"": ""2026-05-26T07:55:59Z"",
      ""target_path"": ""scripts/closed_recursive_self_improvement_loop.py"",
      ""test_path"": ""tests/test_rsi_policy_registry_rewrite.py""
    }
  ],
  ""active_base"": ""loop_policy_registry_v1"",
  ""active_generation"": 1,
  ""broad_gate"": true,
  ""dry_run"": false,
  ""persistence"": true,
  ""rejected_this_run"": [],
  ""rollback"": false,
  ""state_path"": ""/tmp/rsi_experiments_fxqz75ve/policy_registry_self_patch__no_rollback/.omega_rsi_runs/closed_rsi_state.json"",
  ""thdse_core_gate"": true,
  ""total_accepted"": 1,
  ""total_rejected"": 0
}
",
policy_registry_self_patch,ci_only_validation,baseline_ci_only,Baseline: run validation without candidate generation or code patching.,0,12.829,0,0,0.0,0,,False,0,12.829,0,/tmp/rsi_experiments_fxqz75ve/policy_registry_self_patch__ci_only_validation/.omega_rsi_runs/closed_rsi_summary.json,"........................................................................ [ 16%]
........................................................................ [ 33%]
........................................................................ [ 49%]
.......................................................s................ [ 66%]
........................................................................ [ 82%]
.............................................................s.......... [ 99%]
....                                                                     [100%]
434 passed, 4 skipped in 12.42s
",
forced_broad_regression,verified_closed_loop,proposed,"Full loop: candidate generation, patching, rollback, persistence, root broad gate, and THDSE core gate.",0,36.552,0,2,0.0,2,True,True,0,36.552,0,/tmp/rsi_experiments_fxqz75ve/forced_broad_regression__verified_closed_loop/.omega_rsi_runs/closed_rsi_summary.json,"z75ve/forced_broad_regression__verified_closed_loop"",
          ""elapsed_s"": 0.196,
          ""exit_code"": 0,
          ""label"": ""local_corpus_import_query_v1_focused"",
          ""stderr_tail"": """",
          ""stdout_tail"": "".                                                                        [100%]\n1 passed in 0.02s\n"",
          ""timed_out"": false
        },
        {
          ""args"": [
            ""/opt/hostedtoolcache/Python/3.11.15/x64/bin/python"",
            ""-m"",
            ""pytest"",
            ""-q"",
            ""--import-mode=importlib"",
            ""--maxfail=20"",
            ""--disable-warnings"",
            ""tests""
          ],
          ""cwd"": ""/tmp/rsi_experiments_fxqz75ve/forced_broad_regression__verified_closed_loop"",
          ""elapsed_s"": 12.166,
          ""exit_code"": 1,
          ""label"": ""local_corpus_import_query_v1_root_broad"",
          ""stderr_tail"": """",
          ""stdout_tail"": ""........................................................................ [ 16%]\n........................................................................ [ 32%]\n..F..................................................................... [ 49%]\n.......................................................s................ [ 65%]\n........................................................................ [ 82%]\n...............................................................s........ [ 98%]\n......                                                                   [100%]\n=================================== FAILURES ===================================\n______________________ test_forced_broad_regression_gate _______________________\n\n    def test_forced_broad_regression_gate():\n>       assert False, 'intentional broad-gate regression for rollback ablation'\nE       AssertionError: intentional broad-gate regression for rollback ablation\nE       assert False\n\ntests/test_forced_broad_regression_gate.py:2: AssertionError\n=========================== short test summary info ============================\nFAILED tests/test_forced_broad_regression_gate.py::test_forced_broad_regression_gate - AssertionError: intentional broad-gate regression for rollback ablation\nassert False\n1 failed, 435 passed, 4 skipped in 11.77s\n"",
          ""timed_out"": false
        },
        {
          ""args"": [
            ""/opt/hostedtoolcache/Python/3.11.15/x64/bin/python"",
            ""-m"",
            ""pytest"",
            ""-q"",
            ""--import-mode=importlib"",
            ""--maxfail=20"",
            ""--disable-warnings"",
            ""tests/test_execution_sandbox.py"",
            ""tests/test_adaptive_threshold.py"",
            ""tests/test_direct_io_scoring.py"",
            ""tests/test_structural_diff.py"",
            ""tests/test_batch_correlation.py""
          ],
          ""cwd"": ""/tmp/rsi_experiments_fxqz75ve/forced_broad_regression__verified_closed_loop/thdse"",
          ""elapsed_s"": 5.441,
          ""exit_code"": 0,
          ""label"": ""local_corpus_import_query_v1_thdse_core"",
          ""stderr_tail"": """",
          ""stdout_tail"": ""....................................                                     [100%]\n36 passed in 5.20s\n"",
          ""timed_out"": false
        }
      ],
      ""generation"": 1,
      ""goal"": {
        ""metric"": ""new import query API plus focused regression test"",
        ""name"": ""make_local_corpus_queryable_by_import"",
        ""rationale"": ""The corpus index stores static imports but lacks a direct import lookup API."",
        ""target"": ""shared.local_corpus.LocalCorpusIndex""
      },
      ""name"": ""local_corpus_import_query_v1"",
      ""started_at"": ""2026-05-26T07:56:50Z"",
      ""target_path"": ""shared/local_corpus.py"",
      ""test_path"": ""tests/test_local_corpus_import_query_rewrite.py""
    }
  ],
  ""rollback"": true,
  ""state_path"": ""/tmp/rsi_experiments_fxqz75ve/forced_broad_regression__verified_closed_loop/.omega_rsi_runs/closed_rsi_state.json"",
  ""thdse_core_gate"": true,
  ""total_accepted"": 0,
  ""total_rejected"": 2
}
",
forced_broad_regression,agent_coding_loop,baseline_agent_coding_loop,Baseline: single-pass automated coding loop with validation but without persistent recursive depth.,0,18.881,0,1,0.0,1,True,False,0,18.881,0,/tmp/rsi_experiments_fxqz75ve/forced_broad_regression__agent_coding_loop/.omega_rsi_runs/closed_rsi_summary.json,"eriments_fxqz75ve/forced_broad_regression__agent_coding_loop"",
          ""elapsed_s"": 0.197,
          ""exit_code"": 0,
          ""label"": ""local_corpus_feature_query_v1_focused"",
          ""stderr_tail"": """",
          ""stdout_tail"": "".                                                                        [100%]\n1 passed in 0.02s\n"",
          ""timed_out"": false
        },
        {
          ""args"": [
            ""/opt/hostedtoolcache/Python/3.11.15/x64/bin/python"",
            ""-m"",
            ""pytest"",
            ""-q"",
            ""--import-mode=importlib"",
            ""--maxfail=20"",
            ""--disable-warnings"",
            ""tests""
          ],
          ""cwd"": ""/tmp/rsi_experiments_fxqz75ve/forced_broad_regression__agent_coding_loop"",
          ""elapsed_s"": 13.023,
          ""exit_code"": 1,
          ""label"": ""local_corpus_feature_query_v1_root_broad"",
          ""stderr_tail"": """",
          ""stdout_tail"": ""........................................................................ [ 16%]\n........................................................................ [ 32%]\n..F..................................................................... [ 49%]\n.......................................................s................ [ 65%]\n........................................................................ [ 82%]\n...............................................................s........ [ 98%]\n......                                                                   [100%]\n=================================== FAILURES ===================================\n______________________ test_forced_broad_regression_gate _______________________\n\n    def test_forced_broad_regression_gate():\n>       assert False, 'intentional broad-gate regression for rollback ablation'\nE       AssertionError: intentional broad-gate regression for rollback ablation\nE       assert False\n\ntests/test_forced_broad_regression_gate.py:2: AssertionError\n=========================== short test summary info ============================\nFAILED tests/test_forced_broad_regression_gate.py::test_forced_broad_regression_gate - AssertionError: intentional broad-gate regression for rollback ablation\nassert False\n1 failed, 435 passed, 4 skipped in 12.57s\n"",
          ""timed_out"": false
        },
        {
          ""args"": [
            ""/opt/hostedtoolcache/Python/3.11.15/x64/bin/python"",
            ""-m"",
            ""pytest"",
            ""-q"",
            ""--import-mode=importlib"",
            ""--maxfail=20"",
            ""--disable-warnings"",
            ""tests/test_execution_sandbox.py"",
            ""tests/test_adaptive_threshold.py"",
            ""tests/test_direct_io_scoring.py"",
            ""tests/test_structural_diff.py"",
            ""tests/test_batch_correlation.py""
          ],
          ""cwd"": ""/tmp/rsi_experiments_fxqz75ve/forced_broad_regression__agent_coding_loop/thdse"",
          ""elapsed_s"": 5.569,
          ""exit_code"": 0,
          ""label"": ""local_corpus_feature_query_v1_thdse_core"",
          ""stderr_tail"": """",
          ""stdout_tail"": ""....................................                                     [100%]\n36 passed in 5.32s\n"",
          ""timed_out"": false
        }
      ],
      ""generation"": 1,
      ""goal"": {
        ""metric"": ""new query API plus focused regression test"",
        ""name"": ""make_local_corpus_queryable_by_feature"",
        ""rationale"": ""The corpus index already extracts feature flags but lacks a stable query API."",
        ""target"": ""shared.local_corpus.LocalCorpusIndex""
      },
      ""name"": ""local_corpus_feature_query_v1"",
      ""started_at"": ""2026-05-26T07:57:08Z"",
      ""target_path"": ""shared/local_corpus.py"",
      ""test_path"": ""tests/test_local_corpus_feature_query_rewrite.py""
    }
  ],
  ""rollback"": true,
  ""state_path"": ""/tmp/rsi_experiments_fxqz75ve/forced_broad_regression__agent_coding_loop/.omega_rsi_runs/closed_rsi_state.json"",
  ""thdse_core_gate"": true,
  ""total_accepted"": 0,
  ""total_rejected"": 1
}
",
forced_broad_regression,evolutionary_repair_loop,baseline_evolutionary_repair_loop,Baseline: retry candidate repair loop using focused validation without broad gates or persistent self-policy depth.,0,0.536,2,0,1.0,0,,False,2,0.536,3,/tmp/rsi_experiments_fxqz75ve/forced_broad_regression__evolutionary_repair_loop/.omega_rsi_runs/closed_rsi_summary.json,""": ""/tmp/rsi_experiments_fxqz75ve/forced_broad_regression__evolutionary_repair_loop"",
          ""elapsed_s"": 0.034,
          ""exit_code"": 0,
          ""label"": ""local_corpus_feature_query_v1_compile"",
          ""stderr_tail"": """",
          ""stdout_tail"": """",
          ""timed_out"": false
        },
        {
          ""args"": [
            ""/opt/hostedtoolcache/Python/3.11.15/x64/bin/python"",
            ""-m"",
            ""pytest"",
            ""-q"",
            ""--import-mode=importlib"",
            ""--maxfail=5"",
            ""--disable-warnings"",
            ""tests/test_local_corpus_feature_query_rewrite.py""
          ],
          ""cwd"": ""/tmp/rsi_experiments_fxqz75ve/forced_broad_regression__evolutionary_repair_loop"",
          ""elapsed_s"": 0.201,
          ""exit_code"": 0,
          ""label"": ""local_corpus_feature_query_v1_focused"",
          ""stderr_tail"": """",
          ""stdout_tail"": "".                                                                        [100%]\n1 passed in 0.02s\n"",
          ""timed_out"": false
        }
      ],
      ""generation"": 1,
      ""goal"": {
        ""metric"": ""new query API plus focused regression test"",
        ""name"": ""make_local_corpus_queryable_by_feature"",
        ""rationale"": ""The corpus index already extracts feature flags but lacks a stable query API."",
        ""target"": ""shared.local_corpus.LocalCorpusIndex""
      },
      ""name"": ""local_corpus_feature_query_v1"",
      ""started_at"": ""2026-05-26T07:57:27Z"",
      ""target_path"": ""shared/local_corpus.py"",
      ""test_path"": ""tests/test_local_corpus_feature_query_rewrite.py""
    },
    {
      ""accepted"": true,
      ""error"": """",
      ""extra_paths"": [],
      ""finished_at"": ""2026-05-26T07:57:27Z"",
      ""gates"": [
        {
          ""args"": [
            ""/opt/hostedtoolcache/Python/3.11.15/x64/bin/python"",
            ""-m"",
            ""py_compile"",
            ""shared/local_corpus.py"",
            ""tests/test_local_corpus_import_query_rewrite.py""
          ],
          ""cwd"": ""/tmp/rsi_experiments_fxqz75ve/forced_broad_regression__evolutionary_repair_loop"",
          ""elapsed_s"": 0.034,
          ""exit_code"": 0,
          ""label"": ""local_corpus_import_query_v1_compile"",
          ""stderr_tail"": """",
          ""stdout_tail"": """",
          ""timed_out"": false
        },
        {
          ""args"": [
            ""/opt/hostedtoolcache/Python/3.11.15/x64/bin/python"",
            ""-m"",
            ""pytest"",
            ""-q"",
            ""--import-mode=importlib"",
            ""--maxfail=5"",
            ""--disable-warnings"",
            ""tests/test_local_corpus_import_query_rewrite.py""
          ],
          ""cwd"": ""/tmp/rsi_experiments_fxqz75ve/forced_broad_regression__evolutionary_repair_loop"",
          ""elapsed_s"": 0.207,
          ""exit_code"": 0,
          ""label"": ""local_corpus_import_query_v1_focused"",
          ""stderr_tail"": """",
          ""stdout_tail"": "".                                                                        [100%]\n1 passed in 0.02s\n"",
          ""timed_out"": false
        }
      ],
      ""generation"": 2,
      ""goal"": {
        ""metric"": ""new import query API plus focused regression test"",
        ""name"": ""make_local_corpus_queryable_by_import"",
        ""rationale"": ""The corpus index stores static imports but lacks a direct import lookup API."",
        ""target"": ""shared.local_corpus.LocalCorpusIndex""
      },
      ""name"": ""local_corpus_import_query_v1"",
      ""started_at"": ""2026-05-26T07:57:27Z"",
      ""target_path"": ""shared/local_corpus.py"",
      ""test_path"": ""tests/test_local_corpus_import_query_rewrite.py""
    }
  ],
  ""active_base"": ""local_corpus_import_query_v1"",
  ""active_generation"": 2,
  ""broad_gate"": false,
  ""dry_run"": false,
  ""persistence"": false,
  ""rejected_this_run"": [],
  ""rollback"": true,
  ""state_path"": ""/tmp/rsi_experiments_fxqz75ve/forced_broad_regression__evolutionary_repair_loop/.omega_rsi_runs/closed_rsi_state.json"",
  ""thdse_core_gate"": false,
  ""total_accepted"": 2,
  ""total_rejected"": 0
}
",
forced_broad_regression,focused_only_loop,ablation_no_broad_gate,"Ablation: focused tests only, no broad regression gate.",0,0.544,2,0,1.0,0,,True,2,0.544,3,/tmp/rsi_experiments_fxqz75ve/forced_broad_regression__focused_only_loop/.omega_rsi_runs/closed_rsi_summary.json,"rite.py""
          ],
          ""cwd"": ""/tmp/rsi_experiments_fxqz75ve/forced_broad_regression__focused_only_loop"",
          ""elapsed_s"": 0.035,
          ""exit_code"": 0,
          ""label"": ""local_corpus_feature_query_v1_compile"",
          ""stderr_tail"": """",
          ""stdout_tail"": """",
          ""timed_out"": false
        },
        {
          ""args"": [
            ""/opt/hostedtoolcache/Python/3.11.15/x64/bin/python"",
            ""-m"",
            ""pytest"",
            ""-q"",
            ""--import-mode=importlib"",
            ""--maxfail=5"",
            ""--disable-warnings"",
            ""tests/test_local_corpus_feature_query_rewrite.py""
          ],
          ""cwd"": ""/tmp/rsi_experiments_fxqz75ve/forced_broad_regression__focused_only_loop"",
          ""elapsed_s"": 0.209,
          ""exit_code"": 0,
          ""label"": ""local_corpus_feature_query_v1_focused"",
          ""stderr_tail"": """",
          ""stdout_tail"": "".                                                                        [100%]\n1 passed in 0.02s\n"",
          ""timed_out"": false
        }
      ],
      ""generation"": 1,
      ""goal"": {
        ""metric"": ""new query API plus focused regression test"",
        ""name"": ""make_local_corpus_queryable_by_feature"",
        ""rationale"": ""The corpus index already extracts feature flags but lacks a stable query API."",
        ""target"": ""shared.local_corpus.LocalCorpusIndex""
      },
      ""name"": ""local_corpus_feature_query_v1"",
      ""started_at"": ""2026-05-26T07:57:27Z"",
      ""target_path"": ""shared/local_corpus.py"",
      ""test_path"": ""tests/test_local_corpus_feature_query_rewrite.py""
    },
    {
      ""accepted"": true,
      ""error"": """",
      ""extra_paths"": [],
      ""finished_at"": ""2026-05-26T07:57:28Z"",
      ""gates"": [
        {
          ""args"": [
            ""/opt/hostedtoolcache/Python/3.11.15/x64/bin/python"",
            ""-m"",
            ""py_compile"",
            ""shared/local_corpus.py"",
            ""tests/test_local_corpus_import_query_rewrite.py""
          ],
          ""cwd"": ""/tmp/rsi_experiments_fxqz75ve/forced_broad_regression__focused_only_loop"",
          ""elapsed_s"": 0.034,
          ""exit_code"": 0,
          ""label"": ""local_corpus_import_query_v1_compile"",
          ""stderr_tail"": """",
          ""stdout_tail"": """",
          ""timed_out"": false
        },
        {
          ""args"": [
            ""/opt/hostedtoolcache/Python/3.11.15/x64/bin/python"",
            ""-m"",
            ""pytest"",
            ""-q"",
            ""--import-mode=importlib"",
            ""--maxfail=5"",
            ""--disable-warnings"",
            ""tests/test_local_corpus_import_query_rewrite.py""
          ],
          ""cwd"": ""/tmp/rsi_experiments_fxqz75ve/forced_broad_regression__focused_only_loop"",
          ""elapsed_s"": 0.206,
          ""exit_code"": 0,
          ""label"": ""local_corpus_import_query_v1_focused"",
          ""stderr_tail"": """",
          ""stdout_tail"": "".                                                                        [100%]\n1 passed in 0.02s\n"",
          ""timed_out"": false
        }
      ],
      ""generation"": 2,
      ""goal"": {
        ""metric"": ""new import query API plus focused regression test"",
        ""name"": ""make_local_corpus_queryable_by_import"",
        ""rationale"": ""The corpus index stores static imports but lacks a direct import lookup API."",
        ""target"": ""shared.local_corpus.LocalCorpusIndex""
      },
      ""name"": ""local_corpus_import_query_v1"",
      ""started_at"": ""2026-05-26T07:57:27Z"",
      ""target_path"": ""shared/local_corpus.py"",
      ""test_path"": ""tests/test_local_corpus_import_query_rewrite.py""
    }
  ],
  ""active_base"": ""local_corpus_import_query_v1"",
  ""active_generation"": 2,
  ""broad_gate"": false,
  ""dry_run"": false,
  ""persistence"": true,
  ""rejected_this_run"": [],
  ""rollback"": true,
  ""state_path"": ""/tmp/rsi_experiments_fxqz75ve/forced_broad_regression__focused_only_loop/.omega_rsi_runs/closed_rsi_state.json"",
  ""thdse_core_gate"": false,
  ""total_accepted"": 2,
  ""total_rejected"": 0
}
",
forced_broad_regression,no_thdse_core_gate,ablation_no_z3_thdse_gate,Ablation: root broad gate enabled but THDSE/Z3-focused core gate skipped.,0,26.076,0,2,0.0,2,True,True,0,26.076,0,/tmp/rsi_experiments_fxqz75ve/forced_broad_regression__no_thdse_core_gate/.omega_rsi_runs/closed_rsi_summary.json,"    {
          ""args"": [
            ""/opt/hostedtoolcache/Python/3.11.15/x64/bin/python"",
            ""-m"",
            ""py_compile"",
            ""shared/local_corpus.py"",
            ""tests/test_local_corpus_import_query_rewrite.py""
          ],
          ""cwd"": ""/tmp/rsi_experiments_fxqz75ve/forced_broad_regression__no_thdse_core_gate"",
          ""elapsed_s"": 0.035,
          ""exit_code"": 0,
          ""label"": ""local_corpus_import_query_v1_compile"",
          ""stderr_tail"": """",
          ""stdout_tail"": """",
          ""timed_out"": false
        },
        {
          ""args"": [
            ""/opt/hostedtoolcache/Python/3.11.15/x64/bin/python"",
            ""-m"",
            ""pytest"",
            ""-q"",
            ""--import-mode=importlib"",
            ""--maxfail=5"",
            ""--disable-warnings"",
            ""tests/test_local_corpus_import_query_rewrite.py""
          ],
          ""cwd"": ""/tmp/rsi_experiments_fxqz75ve/forced_broad_regression__no_thdse_core_gate"",
          ""elapsed_s"": 0.204,
          ""exit_code"": 0,
          ""label"": ""local_corpus_import_query_v1_focused"",
          ""stderr_tail"": """",
          ""stdout_tail"": "".                                                                        [100%]\n1 passed in 0.02s\n"",
          ""timed_out"": false
        },
        {
          ""args"": [
            ""/opt/hostedtoolcache/Python/3.11.15/x64/bin/python"",
            ""-m"",
            ""pytest"",
            ""-q"",
            ""--import-mode=importlib"",
            ""--maxfail=20"",
            ""--disable-warnings"",
            ""tests""
          ],
          ""cwd"": ""/tmp/rsi_experiments_fxqz75ve/forced_broad_regression__no_thdse_core_gate"",
          ""elapsed_s"": 12.4,
          ""exit_code"": 1,
          ""label"": ""local_corpus_import_query_v1_root_broad"",
          ""stderr_tail"": """",
          ""stdout_tail"": ""........................................................................ [ 16%]\n........................................................................ [ 32%]\n..F..................................................................... [ 49%]\n.......................................................s................ [ 65%]\n........................................................................ [ 82%]\n...............................................................s........ [ 98%]\n......                                                                   [100%]\n=================================== FAILURES ===================================\n______________________ test_forced_broad_regression_gate _______________________\n\n    def test_forced_broad_regression_gate():\n>       assert False, 'intentional broad-gate regression for rollback ablation'\nE       AssertionError: intentional broad-gate regression for rollback ablation\nE       assert False\n\ntests/test_forced_broad_regression_gate.py:2: AssertionError\n=========================== short test summary info ============================\nFAILED tests/test_forced_broad_regression_gate.py::test_forced_broad_regression_gate - AssertionError: intentional broad-gate regression for rollback ablation\nassert False\n1 failed, 435 passed, 4 skipped in 11.95s\n"",
          ""timed_out"": false
        }
      ],
      ""generation"": 1,
      ""goal"": {
        ""metric"": ""new import query API plus focused regression test"",
        ""name"": ""make_local_corpus_queryable_by_import"",
        ""rationale"": ""The corpus index stores static imports but lacks a direct import lookup API."",
        ""target"": ""shared.local_corpus.LocalCorpusIndex""
      },
      ""name"": ""local_corpus_import_query_v1"",
      ""started_at"": ""2026-05-26T07:57:41Z"",
      ""target_path"": ""shared/local_corpus.py"",
      ""test_path"": ""tests/test_local_corpus_import_query_rewrite.py""
    }
  ],
  ""rollback"": true,
  ""state_path"": ""/tmp/rsi_experiments_fxqz75ve/forced_broad_regression__no_thdse_core_gate/.omega_rsi_runs/closed_rsi_state.json"",
  ""thdse_core_gate"": false,
  ""total_accepted"": 0,
  ""total_rejected"": 2
}
",
forced_broad_regression,no_persistence,ablation_no_persistence,"Ablation: state is not persisted, so future runs cannot resume from accepted history.",0,37.362,0,2,0.0,2,True,False,0,37.362,0,/tmp/rsi_experiments_fxqz75ve/forced_broad_regression__no_persistence/.omega_rsi_runs/closed_rsi_summary.json,"""/tmp/rsi_experiments_fxqz75ve/forced_broad_regression__no_persistence"",
          ""elapsed_s"": 0.205,
          ""exit_code"": 0,
          ""label"": ""local_corpus_import_query_v1_focused"",
          ""stderr_tail"": """",
          ""stdout_tail"": "".                                                                        [100%]\n1 passed in 0.02s\n"",
          ""timed_out"": false
        },
        {
          ""args"": [
            ""/opt/hostedtoolcache/Python/3.11.15/x64/bin/python"",
            ""-m"",
            ""pytest"",
            ""-q"",
            ""--import-mode=importlib"",
            ""--maxfail=20"",
            ""--disable-warnings"",
            ""tests""
          ],
          ""cwd"": ""/tmp/rsi_experiments_fxqz75ve/forced_broad_regression__no_persistence"",
          ""elapsed_s"": 12.442,
          ""exit_code"": 1,
          ""label"": ""local_corpus_import_query_v1_root_broad"",
          ""stderr_tail"": """",
          ""stdout_tail"": ""........................................................................ [ 16%]\n........................................................................ [ 32%]\n..F..................................................................... [ 49%]\n.......................................................s................ [ 65%]\n........................................................................ [ 82%]\n...............................................................s........ [ 98%]\n......                                                                   [100%]\n=================================== FAILURES ===================================\n______________________ test_forced_broad_regression_gate _______________________\n\n    def test_forced_broad_regression_gate():\n>       assert False, 'intentional broad-gate regression for rollback ablation'\nE       AssertionError: intentional broad-gate regression for rollback ablation\nE       assert False\n\ntests/test_forced_broad_regression_gate.py:2: AssertionError\n=========================== short test summary info ============================\nFAILED tests/test_forced_broad_regression_gate.py::test_forced_broad_regression_gate - AssertionError: intentional broad-gate regression for rollback ablation\nassert False\n1 failed, 435 passed, 4 skipped in 11.97s\n"",
          ""timed_out"": false
        },
        {
          ""args"": [
            ""/opt/hostedtoolcache/Python/3.11.15/x64/bin/python"",
            ""-m"",
            ""pytest"",
            ""-q"",
            ""--import-mode=importlib"",
            ""--maxfail=20"",
            ""--disable-warnings"",
            ""tests/test_execution_sandbox.py"",
            ""tests/test_adaptive_threshold.py"",
            ""tests/test_direct_io_scoring.py"",
            ""tests/test_structural_diff.py"",
            ""tests/test_batch_correlation.py""
          ],
          ""cwd"": ""/tmp/rsi_experiments_fxqz75ve/forced_broad_regression__no_persistence/thdse"",
          ""elapsed_s"": 5.49,
          ""exit_code"": 0,
          ""label"": ""local_corpus_import_query_v1_thdse_core"",
          ""stderr_tail"": """",
          ""stdout_tail"": ""....................................                                     [100%]\n36 passed in 5.23s\n"",
          ""timed_out"": false
        }
      ],
      ""generation"": 1,
      ""goal"": {
        ""metric"": ""new import query API plus focused regression test"",
        ""name"": ""make_local_corpus_queryable_by_import"",
        ""rationale"": ""The corpus index stores static imports but lacks a direct import lookup API."",
        ""target"": ""shared.local_corpus.LocalCorpusIndex""
      },
      ""name"": ""local_corpus_import_query_v1"",
      ""started_at"": ""2026-05-26T07:58:13Z"",
      ""target_path"": ""shared/local_corpus.py"",
      ""test_path"": ""tests/test_local_corpus_import_query_rewrite.py""
    }
  ],
  ""rollback"": true,
  ""state_path"": ""/tmp/rsi_experiments_fxqz75ve/forced_broad_regression__no_persistence/.omega_rsi_runs/closed_rsi_state.json"",
  ""thdse_core_gate"": true,
  ""total_accepted"": 0,
  ""total_rejected"": 2
}
",
forced_broad_regression,no_rollback,ablation_no_rollback,Ablation: rejected candidates are intentionally left in disposable copies.,0,37.12,0,2,0.0,2,False,True,0,37.12,3,/tmp/rsi_experiments_fxqz75ve/forced_broad_regression__no_rollback/.omega_rsi_runs/closed_rsi_summary.json,"   ""cwd"": ""/tmp/rsi_experiments_fxqz75ve/forced_broad_regression__no_rollback"",
          ""elapsed_s"": 0.201,
          ""exit_code"": 0,
          ""label"": ""local_corpus_import_query_v1_focused"",
          ""stderr_tail"": """",
          ""stdout_tail"": "".                                                                        [100%]\n1 passed in 0.02s\n"",
          ""timed_out"": false
        },
        {
          ""args"": [
            ""/opt/hostedtoolcache/Python/3.11.15/x64/bin/python"",
            ""-m"",
            ""pytest"",
            ""-q"",
            ""--import-mode=importlib"",
            ""--maxfail=20"",
            ""--disable-warnings"",
            ""tests""
          ],
          ""cwd"": ""/tmp/rsi_experiments_fxqz75ve/forced_broad_regression__no_rollback"",
          ""elapsed_s"": 12.321,
          ""exit_code"": 1,
          ""label"": ""local_corpus_import_query_v1_root_broad"",
          ""stderr_tail"": """",
          ""stdout_tail"": ""........................................................................ [ 16%]\n........................................................................ [ 32%]\n..F..................................................................... [ 49%]\n........................................................s............... [ 65%]\n........................................................................ [ 82%]\n................................................................s....... [ 98%]\n.......                                                                  [100%]\n=================================== FAILURES ===================================\n______________________ test_forced_broad_regression_gate _______________________\n\n    def test_forced_broad_regression_gate():\n>       assert False, 'intentional broad-gate regression for rollback ablation'\nE       AssertionError: intentional broad-gate regression for rollback ablation\nE       assert False\n\ntests/test_forced_broad_regression_gate.py:2: AssertionError\n=========================== short test summary info ============================\nFAILED tests/test_forced_broad_regression_gate.py::test_forced_broad_regression_gate - AssertionError: intentional broad-gate regression for rollback ablation\nassert False\n1 failed, 436 passed, 4 skipped in 11.87s\n"",
          ""timed_out"": false
        },
        {
          ""args"": [
            ""/opt/hostedtoolcache/Python/3.11.15/x64/bin/python"",
            ""-m"",
            ""pytest"",
            ""-q"",
            ""--import-mode=importlib"",
            ""--maxfail=20"",
            ""--disable-warnings"",
            ""tests/test_execution_sandbox.py"",
            ""tests/test_adaptive_threshold.py"",
            ""tests/test_direct_io_scoring.py"",
            ""tests/test_structural_diff.py"",
            ""tests/test_batch_correlation.py""
          ],
          ""cwd"": ""/tmp/rsi_experiments_fxqz75ve/forced_broad_regression__no_rollback/thdse"",
          ""elapsed_s"": 5.484,
          ""exit_code"": 0,
          ""label"": ""local_corpus_import_query_v1_thdse_core"",
          ""stderr_tail"": """",
          ""stdout_tail"": ""....................................                                     [100%]\n36 passed in 5.23s\n"",
          ""timed_out"": false
        }
      ],
      ""generation"": 1,
      ""goal"": {
        ""metric"": ""new import query API plus focused regression test"",
        ""name"": ""make_local_corpus_queryable_by_import"",
        ""rationale"": ""The corpus index stores static imports but lacks a direct import lookup API."",
        ""target"": ""shared.local_corpus.LocalCorpusIndex""
      },
      ""name"": ""local_corpus_import_query_v1"",
      ""started_at"": ""2026-05-26T07:58:50Z"",
      ""target_path"": ""shared/local_corpus.py"",
      ""test_path"": ""tests/test_local_corpus_import_query_rewrite.py""
    }
  ],
  ""rollback"": false,
  ""state_path"": ""/tmp/rsi_experiments_fxqz75ve/forced_broad_regression__no_rollback/.omega_rsi_runs/closed_rsi_state.json"",
  ""thdse_core_gate"": true,
  ""total_accepted"": 0,
  ""total_rejected"": 2
}
",
forced_broad_regression,ci_only_validation,baseline_ci_only,Baseline: run validation without candidate generation or code patching.,1,13.077,0,0,0.0,0,,False,0,13.077,0,/tmp/rsi_experiments_fxqz75ve/forced_broad_regression__ci_only_validation/.omega_rsi_runs/closed_rsi_summary.json,"........................................................................ [ 16%]
........................................................................ [ 32%]
..F..................................................................... [ 49%]
......................................................s................. [ 65%]
........................................................................ [ 82%]
..............................................................s......... [ 98%]
.....                                                                    [100%]
=================================== FAILURES ===================================
______________________ test_forced_broad_regression_gate _______________________

    def test_forced_broad_regression_gate():
>       assert False, 'intentional broad-gate regression for rollback ablation'
E       AssertionError: intentional broad-gate regression for rollback ablation
E       assert False

tests/test_forced_broad_regression_gate.py:2: AssertionError
=========================== short test summary info ============================
FAILED tests/test_forced_broad_regression_gate.py::test_forced_broad_regression_gate - AssertionError: intentional broad-gate regression for rollback ablation
assert False
1 failed, 434 passed, 4 skipped in 12.65s
",
